placeID,Start Time,End Time,days
135111,12:00:00 AM,12:00:00 AM,Mon;Tue;Wed;Thu;Fri;
135111,12:00:00 AM,12:00:00 AM,Sat;
135111,12:00:00 AM,12:00:00 AM,Sun;
135110,8:00:00 AM,8:00:00 PM,Mon;Tue;Wed;Thu;Fri;
135110,12:00:00 AM,1:00:00 AM,Sat;
135110,12:00:00 AM,1:00:00 AM,Sun;
135109,8:00:00 AM,10:00:00 PM,Mon;Tue;Wed;Thu;Fri;
135109,8:00:00 AM,10:00:00 PM,Sat;
135109,8:00:00 AM,10:00:00 PM,Sun;
135108,12:00:00 AM,12:00:00 AM,Mon;Tue;Wed;Thu;Fri;
135108,12:00:00 AM,12:00:00 AM,Sat;
135108,12:00:00 AM,12:00:00 AM,Sun;
135107,7:00:00 AM,12:00:00 AM,Mon;Tue;Wed;Thu;Fri;
135107,7:00:00 AM,12:00:00 AM,Sat;
135107,7:00:00 AM,12:00:00 AM,Sun;
135106,6:00:00 PM,12:00:00 AM,Mon;Tue;Wed;Thu;Fri;
135106,6:00:00 PM,12:00:00 AM,Sat;
135106,6:00:00 PM,10:00:00 PM,Sun;
135105,12:00:00 AM,12:00:00 AM,Mon;Tue;Wed;Thu;Fri;
135105,8:00:00 PM,12:00:00 AM,Sat;
135105,12:00:00 AM,12:00:00 AM,Sun;
135104,12:00:00 AM,12:00:00 AM,Mon;Tue;Wed;Thu;Fri;
135104,12:00:00 AM,12:00:00 AM,Sat;
135104,12:00:00 AM,12:00:00 AM,Sun;
135103,12:00:00 PM,11:00:00 PM,Mon;Tue;Wed;Thu;Fri;
135103,12:00:00 PM,12:00:00 AM,Sat;
135103,12:00:00 PM,11:00:00 PM,Sun;
135102,9:00:00 AM,12:00:00 AM,Mon;Tue;Wed;Thu;Fri;
135102,9:00:00 AM,2:00:00 AM,Sat;
135102,9:00:00 AM,11:00:00 PM,Sun;
135101,1:00:00 PM,9:00:00 AM,Mon;Tue;Wed;Thu;Fri;
135101,1:00:00 PM,9:00:00 AM,Sat;
135101,1:00:00 PM,9:00:00 AM,Sun;
135100,2:00:00 PM,12:00:00 AM,Mon;Tue;Wed;Thu;Fri;
135100,2:00:00 PM,12:00:00 AM,Sat;
135100,2:00:00 PM,12:00:00 AM,Sun;
135099,1:00:00 PM,12:00:00 AM,Mon;Tue;Wed;Thu;Fri;
135099,1:00:00 PM,1:00:00 AM,Sat;
135099,1:00:00 PM,11:00:00 PM,Sun;
135098,1:00:00 PM,12:00:00 AM,Mon;Tue;Wed;Thu;Fri;
135098,1:00:00 PM,1:00:00 AM,Sat;
135098,1:00:00 PM,2:00:00 AM,Sun;
135097,10:00:00 AM,12:00:00 AM,Mon;Tue;Wed;Thu;Fri;
135097,10:00:00 AM,12:00:00 AM,Sat;
135097,11:00:00 AM,12:00:00 AM,Sun;
135094,11:00:00 AM,12:00:00 AM,Mon;Tue;Wed;Thu;Fri;
135094,11:00:00 AM,12:00:00 AM,Sat;
135094,11:00:00 AM,11:00:00 PM,Sun;
135093,12:00:00 PM,11:00:00 PM,Mon;Tue;Wed;Thu;Fri;
135093,12:00:00 PM,11:00:00 PM,Sat;
135093,12:00:00 PM,11:00:00 PM,Sun;
135092,9:00:00 AM,6:00:00 PM,Mon;Tue;Wed;Thu;Fri;
135092,9:00:00 AM,2:00:00 PM,Sat;
135092,12:00:00 AM,12:00:00 AM,Sun;
135091,11:00:00 AM,10:00:00 PM,Mon;Tue;Wed;Thu;Fri;
135091,11:00:00 AM,10:00:00 PM,Sat;
135091,11:00:00 AM,10:00:00 PM,Sun;
135090,7:00:00 AM,1:00:00 AM,Mon;Tue;Wed;Thu;Fri;
135090,7:00:00 AM,1:00:00 AM,Sat;
135090,7:00:00 AM,1:00:00 AM,Sun;
135089,1:00:00 PM,9:00:00 PM,Mon;Tue;Wed;Thu;Fri;
135089,1:00:00 PM,9:00:00 PM,Sat;
135089,1:00:00 PM,9:00:00 PM,Sun;
135088,9:00:00 AM,5:00:00 PM,Mon;Tue;Wed;Thu;Fri;
135088,12:00:00 AM,1:00:00 AM,Sat;
135088,12:00:00 AM,1:00:00 AM,Sun;
135086,8:00:00 AM,12:00:00 AM,Mon;Tue;Wed;Thu;Fri;
135086,8:00:00 AM,12:00:00 AM,Sat;
135086,8:00:00 AM,12:00:00 AM,Sun;
135085,12:00:00 AM,1:00:00 AM,Mon;Tue;Wed;Thu;Fri;
135085,12:00:00 AM,1:00:00 AM,Sat;
135085,12:00:00 AM,1:00:00 AM,Sun;
135084,11:00:00 AM,12:00:00 AM,Mon;Tue;Wed;Thu;Fri;
135084,11:00:00 AM,12:00:00 AM,Sat;
135084,11:00:00 AM,12:00:00 AM,Sun;
135082,10:00:00 AM,7:00:00 PM,Mon;Tue;Wed;Thu;Fri;
135082,10:00:00 AM,7:00:00 PM,Sat;
135082,10:00:00 AM,7:00:00 PM,Sun;
135081,2:00:00 PM,12:00:00 AM,Mon;Tue;Wed;Thu;Fri;
135081,2:00:00 PM,12:00:00 AM,Sat;
135081,2:00:00 PM,12:00:00 AM,Sun;
135080,2:00:00 PM,12:00:00 AM,Mon;Tue;Wed;Thu;Fri;
135080,2:00:00 PM,12:00:00 AM,Sat;
135080,2:00:00 PM,12:00:00 AM,Sun;
135079,1:00:00 PM,11:00:00 PM,Mon;Tue;Wed;Thu;Fri;
135079,1:00:00 PM,11:00:00 PM,Sat;
135079,1:00:00 PM,11:00:00 PM,Sun;
135078,2:00:00 PM,9:00:00 PM,Mon;Tue;Wed;Thu;Fri;
135078,2:00:00 PM,9:00:00 PM,Sat;
135078,2:00:00 PM,9:00:00 PM,Sun;
135077,6:00:00 AM,7:00:00 PM,Mon;Tue;Wed;Thu;Fri;
135077,12:00:00 AM,1:00:00 AM,Sat;
135077,12:00:00 AM,12:00:00 AM,Sun;
135076,12:00:00 PM,12:00:00 AM,Mon;Tue;Wed;Thu;Fri;
135076,12:00:00 PM,12:00:00 AM,Sat;
135076,12:00:00 PM,12:00:00 AM,Sun;
135075,12:00:00 AM,12:00:00 AM,Mon;Tue;Wed;Thu;Fri;
135075,12:00:00 AM,12:00:00 AM,Sat;
135075,12:00:00 AM,12:00:00 AM,Sun;
135074,7:00:00 AM,12:00:00 AM,Mon;Tue;Wed;Thu;Fri;
135074,7:00:00 AM,12:00:00 AM,Sat;
135074,7:00:00 AM,12:00:00 AM,Sun;
135073,9:00:00 AM,12:00:00 AM,Mon;Tue;Wed;Thu;Fri;
135073,9:00:00 AM,12:00:00 AM,Sat;
135073,12:00:00 AM,1:00:00 AM,Sun;
135072,1:00:00 PM,12:00:00 AM,Mon;Tue;Wed;Thu;Fri;
135072,1:00:00 PM,12:00:00 AM,Sat;
135072,1:00:00 PM,11:00:00 PM,Sun;
135071,1:00:00 PM,12:00:00 AM,Mon;Tue;Wed;Thu;Fri;
135071,1:00:00 PM,12:00:00 AM,Sat;
135071,1:00:00 PM,9:00:00 PM,Sun;
135070,7:00:00 AM,12:00:00 AM,Mon;Tue;Wed;Thu;Fri;
135070,7:00:00 AM,12:00:00 AM,Sat;
135070,7:00:00 AM,12:00:00 AM,Sun;
135069,9:00:00 AM,12:00:00 AM,Mon;Tue;Wed;Thu;Fri;
135069,9:00:00 AM,12:00:00 AM,Sat;
135069,9:00:00 AM,12:00:00 AM,Sun;
135068,12:00:00 PM,12:00:00 AM,Mon;Tue;Wed;Thu;Fri;
135068,12:00:00 PM,12:00:00 AM,Sat;
135068,12:00:00 AM,1:00:00 AM,Sun;
135067,12:00:00 PM,12:00:00 AM,Mon;Tue;Wed;Thu;Fri;
135067,12:00:00 PM,12:00:00 AM,Sat;
135067,12:00:00 PM,12:00:00 AM,Sun;
135066,7:00:00 AM,12:00:00 AM,Sat;
135066,7:00:00 AM,12:00:00 AM,Mon;Tue;Wed;Thu;Fri;
135066,7:00:00 AM,12:00:00 AM,Sun;
135065,2:00:00 PM,12:00:00 AM,Mon;Tue;Wed;Thu;Fri;
135065,2:00:00 PM,12:00:00 AM,Sat;
135065,2:00:00 PM,7:00:00 PM,Sun;
135064,7:00:00 AM,11:00:00 PM,Mon;Tue;Wed;Thu;Fri;
135064,7:00:00 AM,11:00:00 PM,Sat;
135064,7:00:00 AM,11:00:00 PM,Sun;
135063,8:00:00 AM,8:00:00 PM,Mon;Tue;Wed;Thu;Fri;
135063,8:00:00 AM,8:00:00 PM,Sat;
135063,9:00:00 AM,4:00:00 PM,Sun;
135062,12:00:00 AM,12:00:00 AM,Mon;Tue;Wed;Thu;Fri;
135062,12:00:00 AM,12:00:00 AM,Sat;
135062,12:00:00 AM,12:00:00 AM,Sun;
135061,7:00:00 AM,12:00:00 AM,Mon;Tue;Wed;Thu;Fri;
135061,7:00:00 AM,12:00:00 AM,Sat;
135061,7:00:00 AM,12:00:00 AM,Sun;
135060,11:00:00 AM,8:00:00 PM,Mon;Tue;Wed;Thu;Fri;
135060,11:00:00 AM,8:00:00 PM,Sat;
135060,11:00:00 AM,8:00:00 PM,Sun;
135059,12:00:00 PM,12:00:00 AM,Mon;Tue;Wed;Thu;Fri;
135059,12:00:00 PM,12:00:00 AM,Sat;
135059,12:00:00 PM,12:00:00 AM,Sun;
135058,1:00:00 PM,12:00:00 AM,Mon;Tue;Wed;Thu;Fri;
135058,1:00:00 PM,12:00:00 AM,Sat;
135058,1:00:00 PM,12:00:00 AM,Sun;
135057,1:00:00 PM,12:00:00 AM,Mon;Tue;Wed;Thu;Fri;
135057,1:00:00 PM,12:00:00 AM,Sat;
135057,1:00:00 PM,12:00:00 AM,Sun;
135056,12:00:00 AM,1:00:00 AM,Mon;Tue;Wed;Thu;Fri;
135056,12:00:00 AM,1:00:00 AM,Sat;
135056,12:00:00 AM,1:00:00 AM,Sun;
135055,2:00:00 PM,11:00:00 PM,Mon;Tue;Wed;Thu;Fri;
135055,2:00:00 PM,11:00:00 PM,Sat;
135055,2:00:00 PM,9:00:00 PM,Sun;
135054,7:00:00 AM,8:00:00 PM,Mon;Tue;Wed;Thu;Fri;
135054,7:00:00 AM,8:00:00 PM,Sat;
135054,7:00:00 AM,8:00:00 PM,Sun;
135053,11:00:00 AM,11:00:00 PM,Mon;Tue;Wed;Thu;Fri;
135053,11:00:00 AM,11:00:00 PM,Sat;
135053,11:00:00 AM,11:00:00 PM,Sun;
135052,8:00:00 AM,12:00:00 AM,Mon;Tue;Wed;Thu;Fri;
135052,8:00:00 AM,12:00:00 AM,Sat;
135052,8:00:00 AM,12:00:00 AM,Sun;
135051,8:00:00 AM,12:00:00 AM,Mon;Tue;Wed;Thu;Fri;
135051,8:00:00 AM,12:00:00 AM,Sat;
135051,12:00:00 AM,1:00:00 AM,Sun;
135050,12:00:00 PM,8:00:00 PM,Mon;Tue;Wed;Thu;Fri;
135050,12:00:00 PM,8:00:00 PM,Sat;
135050,12:00:00 PM,8:00:00 PM,Sun;
135049,12:00:00 PM,9:00:00 PM,Mon;Tue;Wed;Thu;Fri;
135049,12:00:00 PM,9:00:00 PM,Sat;
135049,12:00:00 PM,9:00:00 PM,Sun;
135048,11:00:00 AM,11:00:00 PM,Mon;Tue;Wed;Thu;Fri;
135048,11:00:00 AM,11:00:00 PM,Sat;
135048,11:00:00 AM,11:00:00 PM,Sun;
135047,8:00:00 AM,12:00:00 AM,Mon;Tue;Wed;Thu;Fri;
135047,8:00:00 AM,12:00:00 AM,Sat;
135047,8:00:00 AM,11:00:00 PM,Sun;
135046,8:00:00 AM,10:00:00 PM,Mon;Tue;Wed;Thu;Fri;
135046,8:00:00 AM,10:00:00 PM,Sat;
135046,8:00:00 AM,10:00:00 PM,Sun;
135045,1:00:00 PM,12:00:00 AM,Mon;Tue;Wed;Thu;Fri;
135045,1:00:00 PM,12:00:00 AM,Sat;
135045,1:00:00 PM,8:00:00 PM,Sun;
135044,1:00:00 PM,11:00:00 PM,Mon;Tue;Wed;Thu;Fri;
135044,1:00:00 PM,11:00:00 PM,Sat;
135044,1:00:00 PM,11:00:00 PM,Sun;
135043,12:00:00 AM,1:00:00 AM,Mon;Tue;Wed;Thu;Fri;
135043,12:00:00 AM,1:00:00 AM,Sat;
135043,12:00:00 AM,1:00:00 AM,Sun;
135042,11:00:00 AM,10:00:00 PM,Mon;Tue;Wed;Thu;Fri;
135042,11:00:00 AM,10:00:00 PM,Sat;
135042,11:00:00 AM,10:00:00 PM,Sun;
135041,12:00:00 AM,1:00:00 AM,Mon;Tue;Wed;Thu;Fri;
135041,12:00:00 AM,1:00:00 AM,Sat;
135041,12:00:00 AM,1:00:00 AM,Sun;
135040,8:00:00 AM,12:00:00 AM,Mon;Tue;Wed;Thu;Fri;
135040,8:00:00 AM,12:00:00 AM,Sat;
135040,8:00:00 AM,12:00:00 AM,Sun;
135039,10:00:00 AM,9:00:00 PM,Mon;Tue;Wed;Thu;Fri;
135039,10:00:00 AM,9:00:00 PM,Sat;
135039,10:00:00 AM,9:00:00 PM,Sun;
135038,8:00:00 AM,6:00:00 PM,Mon;Tue;Wed;Thu;Fri;
135038,8:00:00 AM,6:00:00 PM,Sat;
135038,12:00:00 AM,1:00:00 AM,Sun;
135037,1:00:00 PM,11:00:00 PM,Mon;Tue;Wed;Thu;Fri;
135037,1:00:00 PM,11:00:00 PM,Sat;
135037,1:00:00 PM,11:00:00 PM,Sun;
135036,12:00:00 PM,12:00:00 AM,Mon;Tue;Wed;Thu;Fri;
135036,12:00:00 PM,12:00:00 AM,Sat;
135036,12:00:00 PM,12:00:00 AM,Sun;
135035,1:00:00 PM,12:00:00 AM,Mon;Tue;Wed;Thu;Fri;
135035,1:00:00 PM,12:00:00 AM,Sat;
135035,1:00:00 PM,7:00:00 PM,Sun;
135034,1:00:00 PM,12:00:00 AM,Mon;Tue;Wed;Thu;Fri;
135034,1:00:00 PM,12:00:00 AM,Sat;
135034,1:00:00 PM,8:00:00 PM,Sun;
135033,9:00:00 AM,10:00:00 PM,Mon;Tue;Wed;Thu;Fri;
135033,9:00:00 AM,10:00:00 PM,Sat;
135033,9:00:00 AM,10:00:00 PM,Sun;
135032,7:00:00 AM,12:00:00 AM,Mon;Tue;Wed;Thu;Fri;
135032,7:00:00 AM,12:00:00 AM,Sat;
135032,7:00:00 AM,12:00:00 AM,Sun;
135031,7:00:00 AM,8:00:00 PM,Mon;Tue;Wed;Thu;Fri;
135031,7:00:00 AM,8:00:00 PM,Sat;
135031,7:00:00 AM,8:00:00 PM,Sun;
135030,12:00:00 AM,1:00:00 AM,Mon;Tue;Wed;Thu;Fri;
135030,12:00:00 AM,1:00:00 AM,Sat;
135030,12:00:00 AM,1:00:00 AM,Sun;
135029,1:00:00 PM,11:00:00 PM,Mon;Tue;Wed;Thu;Fri;
135029,1:00:00 PM,11:00:00 PM,Sat;
135029,1:00:00 PM,11:00:00 PM,Sun;
135028,1:00:00 PM,12:00:00 AM,Mon;Tue;Wed;Thu;Fri;
135028,1:00:00 PM,12:00:00 AM,Sat;
135028,1:00:00 PM,8:00:00 PM,Sun;
135027,8:00:00 AM,11:00:00 PM,Mon;Tue;Wed;Thu;Fri;
135027,8:00:00 AM,12:00:00 AM,Sat;
135027,8:00:00 AM,8:00:00 PM,Sun;
135026,1:00:00 PM,12:00:00 AM,Mon;Tue;Wed;Thu;Fri;
135026,1:00:00 PM,12:00:00 AM,Sat;
135026,12:00:00 AM,1:00:00 AM,Sun;
135025,6:00:00 PM,12:00:00 AM,Mon;Tue;Wed;Thu;Fri;
135025,2:00:00 PM,12:00:00 AM,Sat;
135025,12:00:00 AM,1:00:00 AM,Sun;
135024,12:00:00 AM,1:00:00 AM,Mon;Tue;Wed;Thu;Fri;
135024,12:00:00 AM,1:00:00 AM,Sat;
135024,12:00:00 AM,1:00:00 AM,Sun;
135023,12:00:00 AM,1:00:00 AM,Mon;Tue;Wed;Thu;Fri;
135023,12:00:00 AM,1:00:00 AM,Sat;
135023,12:00:00 AM,1:00:00 AM,Sun;
135022,12:00:00 AM,1:00:00 AM,Mon;Tue;Wed;Thu;Fri;
135022,12:00:00 AM,1:00:00 AM,Sat;
135022,12:00:00 AM,1:00:00 AM,Sun;
135021,12:00:00 AM,12:00:00 AM,Mon;Tue;Wed;Thu;Fri;
135021,12:00:00 AM,12:00:00 AM,Sat;
135021,12:00:00 AM,12:00:00 AM,Sun;
135020,8:00:00 AM,10:00:00 PM,Mon;Tue;Wed;Thu;Fri;
135020,8:00:00 AM,10:00:00 PM,Sat;
135020,8:00:00 AM,10:00:00 PM,Sun;
135019,12:00:00 AM,1:00:00 AM,Mon;Tue;Wed;Thu;Fri;
135019,12:00:00 AM,1:00:00 AM,Sat;
135019,12:00:00 AM,1:00:00 AM,Sun;
135018,12:00:00 AM,1:00:00 AM,Mon;Tue;Wed;Thu;Fri;
135018,12:00:00 AM,1:00:00 AM,Sat;
135018,12:00:00 AM,1:00:00 AM,Sun;
135017,12:00:00 AM,1:00:00 AM,Mon;Tue;Wed;Thu;Fri;
135017,12:00:00 AM,1:00:00 AM,Sat;
135017,12:00:00 AM,1:00:00 AM,Sun;
135016,12:00:00 AM,1:00:00 AM,Mon;Tue;Wed;Thu;Fri;
135016,12:00:00 AM,1:00:00 AM,Sat;
135016,12:00:00 AM,1:00:00 AM,Sun;
135015,12:00:00 AM,1:00:00 AM,Mon;Tue;Wed;Thu;Fri;
135015,12:00:00 AM,1:00:00 AM,Sat;
135015,12:00:00 AM,1:00:00 AM,Sun;
135014,12:00:00 AM,1:00:00 AM,Mon;Tue;Wed;Thu;Fri;
135014,12:00:00 AM,1:00:00 AM,Sat;
135014,12:00:00 AM,1:00:00 AM,Sun;
135013,1:00:00 PM,11:00:00 PM,Mon;Tue;Wed;Thu;Fri;
135013,12:00:00 AM,1:00:00 AM,Sat;
135013,12:00:00 AM,1:00:00 AM,Sun;
135012,12:00:00 AM,1:00:00 AM,Mon;Tue;Wed;Thu;Fri;
135012,12:00:00 AM,1:00:00 AM,Sat;
135012,12:00:00 AM,1:00:00 AM,Sun;
135011,12:00:00 AM,1:00:00 AM,Mon;Tue;Wed;Thu;Fri;
135011,12:00:00 AM,1:00:00 AM,Sat;
135011,12:00:00 AM,1:00:00 AM,Sun;
135010,12:00:00 AM,1:00:00 AM,Mon;Tue;Wed;Thu;Fri;
135010,12:00:00 AM,1:00:00 AM,Sat;
135010,12:00:00 AM,1:00:00 AM,Sun;
135009,12:00:00 AM,1:00:00 AM,Mon;Tue;Wed;Thu;Fri;
135009,12:00:00 AM,1:00:00 AM,Sat;
135009,12:00:00 AM,1:00:00 AM,Sun;
135008,7:00:00 AM,12:00:00 AM,Mon;Tue;Wed;Thu;Fri;
135008,7:00:00 AM,12:00:00 AM,Sat;
135008,7:00:00 AM,12:00:00 AM,Sun;
135007,1:00:00 PM,7:00:00 PM,Mon;Tue;Wed;Thu;Fri;
135007,1:00:00 PM,12:00:00 AM,Sat;
135007,1:00:00 PM,8:00:00 PM,Sun;
135006,12:00:00 PM,9:00:00 PM,Mon;Tue;Wed;Thu;Fri;
135006,12:00:00 PM,9:00:00 PM,Sat;
135006,12:00:00 PM,8:00:00 PM,Sun;
135005,8:00:00 AM,10:00:00 PM,Mon;Tue;Wed;Thu;Fri;
135005,8:00:00 AM,10:00:00 PM,Sat;
135005,8:00:00 AM,10:00:00 PM,Sun;
135004,12:00:00 PM,12:00:00 AM,Mon;Tue;Wed;Thu;Fri;
135004,12:00:00 PM,12:00:00 AM,Sat;
135004,12:00:00 PM,12:00:00 AM,Sun;
135003,12:00:00 PM,9:00:00 PM,Mon;Tue;Wed;Thu;Fri;
135003,12:00:00 PM,9:00:00 PM,Sat;
135003,12:00:00 PM,9:00:00 PM,Sun;
135002,12:00:00 PM,9:00:00 PM,Mon;Tue;Wed;Thu;Fri;
135002,12:00:00 PM,9:00:00 PM,Sat;
135002,11:00:00 AM,9:00:00 PM,Sun;
135001,7:00:00 AM,12:00:00 AM,Mon;Tue;Wed;Thu;Fri;
135001,7:00:00 AM,12:00:00 AM,Sat;
135001,7:00:00 AM,12:00:00 AM,Sun;
135000,7:00:00 AM,7:00:00 PM,Mon;Tue;Wed;Thu;Fri;
135000,7:00:00 AM,7:00:00 PM,Sat;
135000,7:00:00 AM,7:00:00 PM,Sun;
134999,11:00:00 AM,10:00:00 PM,Mon;Tue;Wed;Thu;Fri;
134999,11:00:00 AM,10:00:00 PM,Sat;
134999,11:00:00 AM,10:00:00 PM,Sun;
134998,12:00:00 PM,7:00:00 PM,Mon;Tue;Wed;Thu;Fri;
134998,12:00:00 PM,7:00:00 PM,Sat;
134998,12:00:00 PM,7:00:00 PM,Sun;
134997,11:00:00 AM,10:00:00 PM,Mon;Tue;Wed;Thu;Fri;
134997,11:00:00 AM,10:00:00 PM,Sat;
134997,11:00:00 AM,10:00:00 PM,Sun;
134996,7:00:00 AM,12:00:00 AM,Mon;Tue;Wed;Thu;Fri;
134996,7:00:00 AM,12:00:00 AM,Sat;
134996,7:00:00 AM,12:00:00 AM,Sun;
134995,8:00:00 AM,7:00:00 PM,Mon;Tue;Wed;Thu;Fri;
134995,9:00:00 AM,4:00:00 PM,Sat;
134995,12:00:00 AM,1:00:00 AM,Sun;
134994,7:00:00 AM,12:00:00 AM,Mon;Tue;Wed;Thu;Fri;
134994,7:00:00 AM,12:00:00 AM,Sat;
134994,7:00:00 AM,12:00:00 AM,Sun;
134993,1:00:00 PM,12:00:00 AM,Mon;Tue;Wed;Thu;Fri;
134993,12:00:00 PM,12:00:00 AM,Sat;
134993,12:00:00 PM,11:00:00 PM,Sun;
134992,8:00:00 AM,10:00:00 PM,Mon;Tue;Wed;Thu;Fri;
134992,8:00:00 AM,10:00:00 PM,Sat;
134992,12:00:00 AM,1:00:00 AM,Sun;
134991,7:00:00 AM,12:00:00 AM,Mon;Tue;Wed;Thu;Fri;
134991,7:00:00 AM,12:00:00 AM,Sat;
134991,8:00:00 AM,7:00:00 PM,Sun;
134990,12:00:00 PM,12:00:00 AM,Mon;Tue;Wed;Thu;Fri;
134990,12:00:00 PM,12:00:00 AM,Sat;
134990,2:00:00 PM,12:00:00 AM,Sun;
134989,1:00:00 PM,11:00:00 PM,Mon;Tue;Wed;Thu;Fri;
134989,1:00:00 PM,12:00:00 AM,Sat;
134989,1:00:00 PM,9:00:00 PM,Sun;
134988,12:00:00 AM,12:00:00 AM,Mon;Tue;Wed;Thu;Fri;
134988,12:00:00 AM,12:00:00 AM,Sat;
134988,12:00:00 AM,12:00:00 AM,Sun;
134987,1:00:00 PM,12:00:00 AM,Mon;Tue;Wed;Thu;Fri;
134987,12:00:00 PM,12:00:00 AM,Sat;
134987,12:00:00 PM,11:00:00 PM,Sun;
134986,12:00:00 AM,12:00:00 AM,Mon;Tue;Wed;Thu;Fri;
134986,12:00:00 AM,12:00:00 AM,Sat;
134986,12:00:00 AM,12:00:00 AM,Sun;
134985,9:00:00 AM,12:00:00 AM,Mon;Tue;Wed;Thu;Fri;
134985,9:00:00 AM,12:00:00 AM,Sat;
134985,9:00:00 AM,12:00:00 AM,Sun;
134984,2:00:00 PM,12:00:00 AM,Mon;Tue;Wed;Thu;Fri;
134984,2:00:00 PM,12:00:00 AM,Sat;
134984,2:00:00 PM,10:00:00 PM,Sun;
134983,1:00:00 PM,12:00:00 AM,Mon;Tue;Wed;Thu;Fri;
134983,1:00:00 PM,12:00:00 AM,Sat;
134983,1:00:00 PM,8:00:00 PM,Sun;
134982,2:00:00 PM,12:00:00 AM,Mon;Tue;Wed;Thu;Fri;
134982,2:00:00 PM,12:00:00 AM,Sat;
134982,2:00:00 PM,12:00:00 AM,Sun;
134981,11:00:00 AM,9:00:00 PM,Mon;Tue;Wed;Thu;Fri;
134981,11:00:00 AM,9:00:00 PM,Sat;
134981,11:00:00 AM,9:00:00 PM,Sun;
134980,11:00:00 AM,7:00:00 PM,Mon;Tue;Wed;Thu;Fri;
134980,11:00:00 AM,7:00:00 PM,Sat;
134980,11:00:00 AM,7:00:00 PM,Sun;
134979,11:00:00 AM,9:00:00 PM,Mon;Tue;Wed;Thu;Fri;
134979,11:00:00 AM,9:00:00 PM,Sat;
134979,11:00:00 AM,9:00:00 PM,Sun;
134978,2:00:00 PM,11:00:00 PM,Mon;Tue;Wed;Thu;Fri;
134978,2:00:00 PM,11:00:00 PM,Sat;
134978,2:00:00 PM,7:00:00 PM,Sun;
134977,1:00:00 PM,11:00:00 PM,Mon;Tue;Wed;Thu;Fri;
134977,1:00:00 PM,11:00:00 PM,Sat;
134977,1:00:00 PM,11:00:00 PM,Sun;
134975,8:00:00 AM,12:00:00 AM,Mon;Tue;Wed;Thu;Fri;
134975,8:00:00 AM,12:00:00 AM,Sat;
134975,8:00:00 AM,9:00:00 PM,Sun;
134974,1:00:00 PM,11:00:00 PM,Mon;Tue;Wed;Thu;Fri;
134974,1:00:00 PM,11:00:00 PM,Sat;
134974,1:00:00 PM,11:00:00 PM,Sun;
134973,8:00:00 AM,10:00:00 PM,Mon;Tue;Wed;Thu;Fri;
134973,8:00:00 AM,10:00:00 PM,Sat;
134973,9:00:00 AM,6:00:00 PM,Sun;
134972,7:00:00 AM,12:00:00 AM,Mon;Tue;Wed;Thu;Fri;
134972,7:00:00 AM,12:00:00 AM,Sat;
134972,7:00:00 AM,12:00:00 AM,Sun;
134971,2:00:00 PM,12:00:00 AM,Mon;Tue;Wed;Thu;Fri;
134971,2:00:00 PM,12:00:00 AM,Sat;
134971,2:00:00 PM,12:00:00 AM,Sun;
134970,8:00:00 AM,12:00:00 AM,Mon;Tue;Wed;Thu;Fri;
134970,8:00:00 AM,12:00:00 AM,Sat;
134970,8:00:00 AM,12:00:00 AM,Sun;
133049,9:00:00 AM,5:00:00 PM,Mon;Tue;Wed;Thu;Fri;
133049,10:00:00 AM,4:00:00 PM,Sat;
133049,10:00:00 AM,5:00:00 PM,Sun;
133048,9:00:00 AM,6:00:00 PM,Mon;Tue;Wed;Thu;Fri;
133048,9:00:00 AM,6:00:00 PM,Sat;
133048,10:00:00 AM,4:00:00 AM,Sun;
133047,6:00:00 AM,12:00:00 AM,Mon;Tue;Wed;Thu;Fri;
133047,2:00:00 AM,12:00:00 AM,Sat;
133047,4:00:00 AM,12:00:00 AM,Sun;
133043,7:00:00 AM,11:00:00 PM,Mon;Tue;Wed;Thu;Fri;
133043,7:00:00 AM,11:00:00 PM,Sat;
133043,7:00:00 AM,11:00:00 PM,Sun;
133042,12:00:00 AM,12:00:00 AM,Mon;Tue;Wed;Thu;Fri;
133042,12:00:00 AM,12:00:00 AM,Sat;
133042,12:00:00 AM,12:00:00 AM,Sun;
133041,12:00:00 AM,12:00:00 AM,Mon;Tue;Wed;Thu;Fri;
133041,12:00:00 AM,12:00:00 AM,Sat;
133041,12:00:00 AM,12:00:00 AM,Sun;
133040,12:00:00 AM,12:00:00 AM,Mon;Tue;Wed;Thu;Fri;
133040,12:00:00 AM,12:00:00 AM,Sat;
133040,12:00:00 AM,12:00:00 AM,Sun;
133039,11:00:00 AM,12:00:00 AM,Mon;Tue;Wed;Thu;Fri;
133039,11:00:00 AM,12:00:00 AM,Sat;
133039,11:00:00 AM,12:00:00 AM,Sun;
133038,10:00:00 AM,12:00:00 AM,Mon;Tue;Wed;Thu;Fri;
133038,10:00:00 AM,12:00:00 AM,Sat;
133038,10:00:00 AM,12:00:00 AM,Sun;
133037,12:00:00 AM,12:00:00 AM,Mon;Tue;Wed;Thu;Fri;
133037,12:00:00 AM,12:00:00 AM,Sat;
133037,12:00:00 AM,12:00:00 AM,Sun;
133036,10:00:00 AM,12:00:00 AM,Mon;Tue;Wed;Thu;Fri;
133036,10:00:00 AM,12:00:00 AM,Sat;
133036,10:00:00 AM,12:00:00 AM,Sun;
133035,12:00:00 PM,6:00:00 PM,Mon;Tue;Wed;Thu;Fri;
133035,12:00:00 PM,6:00:00 PM,Sat;
133035,12:00:00 PM,8:00:00 PM,Sun;
133034,12:00:00 AM,12:00:00 AM,Mon;Tue;Wed;Thu;Fri;
133034,12:00:00 AM,12:00:00 AM,Sat;
133034,12:00:00 AM,12:00:00 AM,Sun;
133033,11:00:00 AM,12:00:00 AM,Mon;Tue;Wed;Thu;Fri;
133033,11:00:00 AM,12:00:00 AM,Sat;
133033,11:00:00 AM,12:00:00 AM,Sun;
133032,12:00:00 AM,12:00:00 AM,Mon;Tue;Wed;Thu;Fri;
133032,12:00:00 AM,12:00:00 AM,Sat;
133032,12:00:00 AM,12:00:00 AM,Sun;
133031,12:00:00 AM,12:00:00 AM,Mon;Tue;Wed;Thu;Fri;
133031,12:00:00 AM,12:00:00 AM,Sat;
133031,12:00:00 AM,12:00:00 AM,Sun;
133030,9:00:00 AM,11:00:00 PM,Mon;Tue;Wed;Thu;Fri;
133030,9:00:00 AM,12:00:00 AM,Sat;
133030,9:00:00 AM,9:00:00 PM,Sun;
133029,1:00:00 PM,12:00:00 AM,Mon;Tue;Wed;Thu;Fri;
133029,1:00:00 PM,12:00:00 AM,Sat;
133029,3:00:00 PM,12:00:00 AM,Sun;
133028,12:00:00 AM,12:00:00 AM,Mon;Tue;Wed;Thu;Fri;
133028,12:00:00 AM,12:00:00 AM,Sat;
133028,12:00:00 AM,12:00:00 AM,Sun;
133027,10:00:00 AM,10:00:00 PM,Mon;Tue;Wed;Thu;Fri;
133027,10:00:00 AM,12:00:00 AM,Sat;
133027,10:00:00 AM,12:00:00 AM,Sun;
133026,2:00:00 PM,9:00:00 PM,Mon;Tue;Wed;Thu;Fri;
133026,2:00:00 PM,9:00:00 PM,Sat;
133026,2:00:00 PM,9:00:00 PM,Sun;
133025,12:00:00 AM,12:00:00 AM,Mon;Tue;Wed;Thu;Fri;
133025,12:00:00 AM,12:00:00 AM,Sat;
133025,12:00:00 AM,12:00:00 AM,Sun;
133024,12:00:00 AM,12:00:00 AM,Mon;Tue;Wed;Thu;Fri;
133024,12:00:00 AM,12:00:00 AM,Sat;
133024,12:00:00 AM,12:00:00 AM,Sun;
133023,12:00:00 AM,12:00:00 AM,Mon;Tue;Wed;Thu;Fri;
133023,12:00:00 AM,12:00:00 AM,Sat;
133023,12:00:00 AM,12:00:00 AM,Sun;
133022,12:00:00 AM,12:00:00 AM,Mon;Tue;Wed;Thu;Fri;
133022,12:00:00 AM,12:00:00 AM,Sat;
133022,12:00:00 AM,12:00:00 AM,Sun;
133021,12:00:00 AM,12:00:00 AM,Mon;Tue;Wed;Thu;Fri;
133021,12:00:00 AM,12:00:00 AM,Sat;
133021,12:00:00 AM,12:00:00 AM,Sun;
133020,6:00:00 PM,12:00:00 AM,Mon;Tue;Wed;Thu;Fri;
133020,5:00:00 PM,12:00:00 AM,Sat;
133020,5:00:00 PM,12:00:00 AM,Sun;
133019,12:00:00 AM,12:00:00 AM,Mon;Tue;Wed;Thu;Fri;
133019,12:00:00 AM,12:00:00 AM,Sat;
133019,12:00:00 AM,12:00:00 AM,Sun;
133018,12:00:00 AM,12:00:00 AM,Mon;Tue;Wed;Thu;Fri;
133018,12:00:00 AM,12:00:00 AM,Sat;
133018,12:00:00 AM,12:00:00 AM,Sun;
133017,12:00:00 AM,12:00:00 AM,Mon;Tue;Wed;Thu;Fri;
133017,12:00:00 AM,12:00:00 AM,Sat;
133017,12:00:00 AM,12:00:00 AM,Sun;
133016,12:00:00 AM,12:00:00 AM,Mon;Tue;Wed;Thu;Fri;
133016,12:00:00 AM,12:00:00 AM,Sat;
133016,12:00:00 AM,12:00:00 AM,Sun;
133015,12:00:00 AM,12:00:00 AM,Mon;Tue;Wed;Thu;Fri;
133015,12:00:00 AM,12:00:00 AM,Sat;
133015,12:00:00 AM,12:00:00 AM,Sun;
133014,12:00:00 AM,12:00:00 AM,Mon;Tue;Wed;Thu;Fri;
133014,12:00:00 AM,12:00:00 AM,Sat;
133014,12:00:00 AM,12:00:00 AM,Sun;
133013,12:00:00 AM,12:00:00 AM,Mon;Tue;Wed;Thu;Fri;
133013,12:00:00 AM,12:00:00 AM,Sat;
133013,12:00:00 AM,12:00:00 AM,Sun;
133012,12:00:00 AM,12:00:00 AM,Mon;Tue;Wed;Thu;Fri;
133012,12:00:00 AM,12:00:00 AM,Sat;
133012,12:00:00 AM,12:00:00 AM,Sun;
133011,12:00:00 AM,12:00:00 AM,Mon;Tue;Wed;Thu;Fri;
133011,12:00:00 AM,12:00:00 AM,Sat;
133011,12:00:00 AM,12:00:00 AM,Sun;
133010,12:00:00 AM,12:00:00 AM,Mon;Tue;Wed;Thu;Fri;
133010,12:00:00 AM,12:00:00 AM,Sat;
133010,12:00:00 AM,12:00:00 AM,Sun;
133009,10:00:00 AM,7:00:00 PM,Mon;Tue;Wed;Thu;Fri;
133009,10:00:00 AM,9:00:00 PM,Sat;
133009,10:00:00 AM,4:00:00 PM,Sun;
133008,2:00:00 PM,12:00:00 AM,Mon;Tue;Wed;Thu;Fri;
133008,3:00:00 PM,12:00:00 AM,Sat;
133008,12:00:00 AM,1:00:00 AM,Sun;
133007,11:00:00 AM,8:00:00 PM,Mon;Tue;Wed;Thu;Fri;
133007,12:00:00 PM,10:00:00 PM,Sat;
133007,1:00:00 PM,9:00:00 PM,Sun;
133006,12:00:00 AM,12:00:00 AM,Mon;Tue;Wed;Thu;Fri;
133006,12:00:00 AM,12:00:00 AM,Sat;
133006,12:00:00 AM,12:00:00 AM,Sun;
133005,12:00:00 AM,12:00:00 AM,Mon;Tue;Wed;Thu;Fri;
133005,12:00:00 AM,12:00:00 AM,Sat;
133005,12:00:00 AM,12:00:00 AM,Sun;
133004,12:00:00 AM,12:00:00 AM,Mon;Tue;Wed;Thu;Fri;
133004,12:00:00 AM,12:00:00 AM,Sat;
133004,12:00:00 AM,12:00:00 AM,Sun;
133003,12:00:00 AM,12:00:00 AM,Mon;Tue;Wed;Thu;Fri;
133003,12:00:00 AM,12:00:00 AM,Sat;
133003,12:00:00 AM,12:00:00 AM,Sun;
133002,12:00:00 AM,12:00:00 AM,Mon;Tue;Wed;Thu;Fri;
133002,12:00:00 AM,12:00:00 AM,Sat;
133002,12:00:00 AM,12:00:00 AM,Sun;
133001,12:00:00 AM,12:00:00 AM,Mon;Tue;Wed;Thu;Fri;
133001,12:00:00 AM,12:00:00 AM,Sat;
133001,12:00:00 AM,12:00:00 AM,Sun;
133000,12:00:00 AM,12:00:00 AM,Mon;Tue;Wed;Thu;Fri;
133000,12:00:00 AM,12:00:00 AM,Sat;
133000,12:00:00 AM,12:00:00 AM,Sun;
132999,12:00:00 AM,12:00:00 AM,Mon;Tue;Wed;Thu;Fri;
132999,12:00:00 AM,12:00:00 AM,Sat;
132999,12:00:00 AM,12:00:00 AM,Sun;
132998,12:00:00 AM,12:00:00 AM,Mon;Tue;Wed;Thu;Fri;
132998,12:00:00 AM,12:00:00 AM,Sat;
132998,12:00:00 AM,12:00:00 AM,Sun;
132997,12:00:00 AM,12:00:00 AM,Mon;Tue;Wed;Thu;Fri;
132997,12:00:00 AM,12:00:00 AM,Sat;
132997,12:00:00 AM,12:00:00 AM,Sun;
132996,8:00:00 AM,8:00:00 PM,Mon;Tue;Wed;Thu;Fri;
132996,8:00:00 AM,8:00:00 PM,Sat;
132996,8:00:00 AM,3:00:00 PM,Sun;
132995,9:00:00 PM,12:00:00 AM,Mon;Tue;Wed;Thu;Fri;
132995,9:00:00 PM,12:00:00 AM,Sat;
132995,9:00:00 PM,12:00:00 AM,Sun;
132994,9:00:00 PM,12:00:00 AM,Mon;Tue;Wed;Thu;Fri;
132994,9:00:00 PM,12:00:00 AM,Sat;
132994,9:00:00 PM,12:00:00 AM,Sun;
132993,6:00:00 PM,12:00:00 AM,Mon;Tue;Wed;Thu;Fri;
132993,6:00:00 PM,12:00:00 AM,Sat;
132993,6:00:00 PM,12:00:00 AM,Sun;
132992,12:00:00 AM,12:00:00 AM,Mon;Tue;Wed;Thu;Fri;
132992,12:00:00 AM,12:00:00 AM,Sat;
132992,12:00:00 AM,12:00:00 AM,Sun;
132986,12:00:00 AM,1:00:00 AM,Mon;Tue;Wed;Thu;Fri;
132986,12:00:00 AM,1:00:00 AM,Sat;
132986,8:00:00 AM,12:00:00 PM,Sun;
132985,12:00:00 AM,1:00:00 AM,Mon;Tue;Wed;Thu;Fri;
132985,12:00:00 AM,1:00:00 AM,Sat;
132985,8:00:00 AM,12:00:00 PM,Sun;
132984,9:00:00 PM,2:00:00 AM,Mon;Tue;Wed;Thu;Fri;
132984,9:00:00 PM,2:00:00 AM,Sat;
132984,9:00:00 PM,1:00:00 AM,Sun;
132983,9:00:00 PM,2:00:00 AM,Mon;Tue;Wed;Thu;Fri;
132983,9:00:00 PM,2:00:00 AM,Sat;
132983,9:00:00 PM,1:00:00 AM,Sun;
132982,9:00:00 PM,2:00:00 AM,Mon;Tue;Wed;Thu;Fri;
132982,9:00:00 PM,2:00:00 AM,Sat;
132982,9:00:00 PM,1:00:00 AM,Sun;
132981,9:00:00 PM,2:00:00 AM,Mon;Tue;Wed;Thu;Fri;
132981,9:00:00 PM,2:00:00 AM,Sat;
132981,9:00:00 PM,1:00:00 AM,Sun;
132980,12:00:00 AM,1:00:00 AM,Mon;Tue;Wed;Thu;Fri;
132980,12:00:00 AM,1:00:00 AM,Sat;
132980,8:00:00 AM,12:00:00 PM,Sun;
132979,9:00:00 PM,2:00:00 AM,Mon;Tue;Wed;Thu;Fri;
132979,9:00:00 PM,2:00:00 AM,Sat;
132979,9:00:00 PM,1:00:00 AM,Sun;
132978,9:00:00 PM,2:00:00 AM,Mon;Tue;Wed;Thu;Fri;
132978,9:00:00 PM,2:00:00 AM,Sat;
132978,9:00:00 PM,1:00:00 AM,Sun;
132977,9:00:00 PM,2:00:00 AM,Mon;Tue;Wed;Thu;Fri;
132977,9:00:00 PM,2:00:00 AM,Sat;
132977,9:00:00 PM,1:00:00 AM,Sun;
132976,9:00:00 PM,2:00:00 AM,Mon;Tue;Wed;Thu;Fri;
132976,9:00:00 PM,2:00:00 AM,Sat;
132976,9:00:00 PM,1:00:00 AM,Sun;
132975,9:00:00 PM,2:00:00 AM,Mon;Tue;Wed;Thu;Fri;
132975,9:00:00 PM,2:00:00 AM,Sat;
132975,9:00:00 PM,1:00:00 AM,Sun;
132974,9:00:00 PM,2:00:00 AM,Mon;Tue;Wed;Thu;Fri;
132974,9:00:00 PM,2:00:00 AM,Sat;
132974,9:00:00 PM,1:00:00 AM,Sun;
132973,9:00:00 PM,2:00:00 AM,Mon;Tue;Wed;Thu;Fri;
132973,8:00:00 PM,2:00:00 AM,Sat;
132973,8:00:00 PM,1:00:00 AM,Sun;
132972,7:00:00 PM,2:00:00 AM,Mon;Tue;Wed;Thu;Fri;
132972,7:00:00 PM,3:00:00 AM,Sat;
132972,7:00:00 PM,3:00:00 AM,Sun;
132971,8:00:00 AM,7:00:00 PM,Sat;
132971,8:00:00 AM,8:00:00 PM,Mon;Tue;Wed;Thu;Fri;
132971,8:00:00 AM,6:00:00 PM,Sun;
132970,8:00:00 PM,2:00:00 AM,Mon;Tue;Wed;Thu;Fri;
132970,8:00:00 PM,4:00:00 AM,Sat;
132970,8:00:00 PM,3:00:00 AM,Sun;
132969,3:00:00 PM,12:00:00 AM,Mon;Tue;Wed;Thu;Fri;
132969,3:00:00 PM,12:00:00 AM,Sat;
132969,3:00:00 PM,12:00:00 AM,Sun;
132968,3:00:00 PM,12:00:00 AM,Mon;Tue;Wed;Thu;Fri;
132968,3:00:00 PM,12:00:00 AM,Sat;
132968,3:00:00 PM,12:00:00 AM,Sun;
132967,9:00:00 PM,4:00:00 AM,Mon;Tue;Wed;Thu;Fri;
132967,9:00:00 PM,4:00:00 AM,Sat;
132967,9:00:00 PM,4:00:00 AM,Sun;
132966,3:00:00 PM,4:00:00 AM,Mon;Tue;Wed;Thu;Fri;
132966,3:00:00 PM,4:00:00 AM,Sat;
132966,5:00:00 PM,4:00:00 AM,Sun;
132965,5:00:00 PM,4:00:00 AM,Mon;Tue;Wed;Thu;Fri;
132965,5:00:00 PM,4:00:00 AM,Sat;
132965,5:00:00 PM,4:00:00 AM,Sun;
132964,12:00:00 PM,12:00:00 AM,Mon;Tue;Wed;Thu;Fri;
132964,12:00:00 PM,12:00:00 AM,Sat;
132964,12:00:00 PM,12:00:00 AM,Sun;
132963,10:00:00 AM,11:00:00 PM,Mon;Tue;Wed;Thu;Fri;
132963,10:00:00 AM,11:00:00 PM,Sat;
132963,10:00:00 AM,11:00:00 PM,Sun;
132962,8:00:00 AM,7:00:00 PM,Mon;Tue;Wed;Thu;Fri;
132962,8:00:00 AM,7:00:00 PM,Sat;
132962,8:00:00 AM,7:00:00 PM,Sun;
132961,6:00:00 PM,8:00:00 AM,Mon;Tue;Wed;Thu;Fri;
132961,6:00:00 PM,8:00:00 AM,Sat;
132961,6:00:00 PM,8:00:00 AM,Sun;
132960,8:00:00 AM,8:00:00 PM,Mon;Tue;Wed;Thu;Fri;
132960,8:00:00 AM,8:00:00 PM,Sat;
132960,8:00:00 AM,8:00:00 PM,Sun;
132959,7:00:00 PM,12:00:00 AM,Mon;Tue;Wed;Thu;Fri;
132959,7:00:00 PM,12:00:00 AM,Sat;
132959,7:00:00 PM,12:00:00 AM,Sun;
132958,10:00:00 AM,12:00:00 AM,Mon;Tue;Wed;Thu;Fri;
132958,10:00:00 AM,12:00:00 AM,Sat;
132958,10:00:00 AM,12:00:00 AM,Sun;
132957,10:00:00 AM,12:00:00 AM,Mon;Tue;Wed;Thu;Fri;
132957,10:00:00 AM,12:00:00 AM,Sat;
132957,10:00:00 AM,12:00:00 AM,Sun;
132956,12:00:00 PM,12:00:00 AM,Mon;Tue;Wed;Thu;Fri;
132956,12:00:00 PM,11:00:00 PM,Sat;
132956,12:00:00 PM,10:00:00 PM,Sun;
132955,12:00:00 AM,12:00:00 AM,Mon;Tue;Wed;Thu;Fri;
132955,12:00:00 AM,12:00:00 AM,Sat;
132955,12:00:00 AM,12:00:00 AM,Sun;
132954,8:00:00 AM,11:00:00 PM,Mon;Tue;Wed;Thu;Fri;
132954,8:00:00 AM,4:00:00 PM,Sat;
132954,8:00:00 AM,2:00:00 PM,Sun;
132953,10:00:00 AM,6:00:00 PM,Mon;Tue;Wed;Thu;Fri;
132953,10:00:00 AM,6:00:00 PM,Sat;
132953,10:00:00 AM,6:00:00 PM,Sun;
132951,12:00:00 AM,12:00:00 AM,Mon;Tue;Wed;Thu;Fri;
132951,12:00:00 AM,12:00:00 AM,Sat;
132951,12:00:00 AM,12:00:00 AM,Sun;
132950,12:00:00 AM,12:00:00 AM,Mon;Tue;Wed;Thu;Fri;
132950,12:00:00 AM,12:00:00 AM,Sat;
132950,12:00:00 AM,12:00:00 AM,Sun;
132948,8:00:00 AM,1:00:00 PM,Mon;Tue;Wed;Thu;Fri;
132948,8:00:00 AM,1:00:00 PM,Sat;
132948,8:00:00 AM,1:00:00 PM,Sun;
132947,12:00:00 PM,9:00:00 PM,Mon;Tue;Wed;Thu;Fri;
132947,12:00:00 PM,9:00:00 PM,Sat;
132947,12:00:00 PM,9:00:00 PM,Sun;
132946,12:00:00 AM,12:00:00 AM,Mon;Tue;Wed;Thu;Fri;
132946,12:00:00 AM,12:00:00 AM,Sat;
132946,12:00:00 AM,12:00:00 AM,Sun;
132945,9:00:00 AM,6:00:00 PM,Mon;Tue;Wed;Thu;Fri;
132945,9:00:00 AM,7:00:00 PM,Sat;
132945,9:00:00 AM,6:00:00 PM,Sun;
132944,12:00:00 PM,8:00:00 PM,Mon;Tue;Wed;Thu;Fri;
132944,12:00:00 PM,8:00:00 PM,Sat;
132944,12:00:00 PM,8:00:00 PM,Sun;
132943,12:00:00 AM,12:00:00 AM,Mon;Tue;Wed;Thu;Fri;
132943,12:00:00 AM,12:00:00 AM,Sat;
132943,12:00:00 AM,12:00:00 AM,Sun;
132942,12:00:00 PM,8:00:00 PM,Mon;Tue;Wed;Thu;Fri;
132942,12:00:00 PM,8:00:00 PM,Sat;
132942,12:00:00 PM,7:00:00 PM,Sun;
132941,3:00:00 PM,10:00:00 PM,Mon;Tue;Wed;Thu;Fri;
132941,3:00:00 PM,10:00:00 PM,Sat;
132941,3:00:00 PM,10:00:00 PM,Sun;
132940,9:00:00 PM,2:00:00 AM,Mon;Tue;Wed;Thu;Fri;
132940,9:00:00 PM,2:00:00 AM,Sat;
132940,9:00:00 PM,1:00:00 AM,Sun;
132939,10:00:00 AM,3:00:00 PM,Mon;Tue;Wed;Thu;Fri;
132939,10:00:00 AM,3:00:00 PM,Sat;
132939,12:00:00 AM,12:00:00 AM,Sun;
132938,12:00:00 AM,1:00:00 AM,Mon;Tue;Wed;Thu;Fri;
132938,11:00:00 AM,5:00:00 PM,Sat;
132938,11:00:00 AM,5:00:00 PM,Sun;
132937,9:00:00 PM,3:00:00 AM,Mon;Tue;Wed;Thu;Fri;
132937,9:00:00 PM,3:00:00 AM,Sat;
132937,4:00:00 PM,12:00:00 AM,Sun;
132936,9:00:00 AM,5:00:00 PM,Mon;Tue;Wed;Thu;Fri;
132936,9:00:00 AM,5:00:00 PM,Sat;
132936,12:00:00 AM,12:00:00 AM,Sun;
132935,12:00:00 AM,1:00:00 AM,Mon;Tue;Wed;Thu;Fri;
132935,12:00:00 PM,6:00:00 PM,Sat;
132935,12:00:00 PM,6:00:00 PM,Sun;
132934,9:00:00 AM,7:00:00 PM,Mon;Tue;Wed;Thu;Fri;
132934,9:00:00 AM,7:00:00 PM,Sat;
132934,9:00:00 AM,7:00:00 PM,Sun;
132933,7:00:00 PM,3:00:00 AM,Mon;Tue;Wed;Thu;Fri;
132933,7:00:00 PM,5:00:00 AM,Sat;
132933,7:00:00 PM,3:00:00 AM,Sun;
132932,11:00:00 AM,12:00:00 AM,Mon;Tue;Wed;Thu;Fri;
132932,10:00:00 AM,12:00:00 AM,Sat;
132932,10:00:00 AM,9:00:00 PM,Sun;
132931,8:00:00 AM,11:00:00 PM,Mon;Tue;Wed;Thu;Fri;
132931,8:00:00 AM,11:00:00 PM,Sat;
132931,8:00:00 AM,11:00:00 PM,Sun;
132930,10:00:00 AM,3:00:00 PM,Mon;Tue;Wed;Thu;Fri;
132930,10:00:00 AM,3:00:00 PM,Sat;
132930,12:00:00 AM,1:00:00 AM,Sun;
132929,8:00:00 AM,3:00:00 PM,Mon;Tue;Wed;Thu;Fri;
132929,8:00:00 AM,3:00:00 PM,Sat;
132929,8:00:00 AM,3:00:00 PM,Sun;
132928,6:00:00 AM,6:00:00 PM,Mon;Tue;Wed;Thu;Fri;
132928,12:00:00 AM,1:00:00 AM,Sat;
132928,12:00:00 AM,1:00:00 AM,Sun;
132927,1:00:00 PM,12:00:00 AM,Mon;Tue;Wed;Thu;Fri;
132927,1:00:00 PM,12:00:00 AM,Sat;
132927,1:00:00 PM,12:00:00 AM,Sun;
132926,7:00:00 AM,9:00:00 PM,Mon;Tue;Wed;Thu;Fri;
132926,7:00:00 AM,9:00:00 PM,Sat;
132926,7:00:00 AM,9:00:00 PM,Sun;
132925,9:00:00 AM,10:00:00 PM,Mon;Tue;Wed;Thu;Fri;
132925,9:00:00 AM,10:00:00 PM,Sat;
132925,9:00:00 AM,10:00:00 PM,Sun;
132924,10:00:00 AM,10:00:00 PM,Mon;Tue;Wed;Thu;Fri;
132924,10:00:00 AM,10:00:00 PM,Sat;
132924,10:00:00 AM,10:00:00 PM,Sun;
132923,4:00:00 AM,12:00:00 AM,Mon;Tue;Wed;Thu;Fri;
132923,4:00:00 AM,12:00:00 AM,Sat;
132923,4:00:00 AM,12:00:00 AM,Sun;
132922,7:00:00 PM,12:00:00 AM,Mon;Tue;Wed;Thu;Fri;
132922,7:00:00 PM,12:00:00 AM,Sat;
132922,7:00:00 PM,12:00:00 AM,Sun;
132921,1:00:00 AM,9:00:00 PM,Mon;Tue;Wed;Thu;Fri;
132921,1:00:00 AM,12:00:00 AM,Sat;
132921,1:00:00 AM,12:00:00 AM,Sun;
132920,1:00:00 PM,12:00:00 AM,Mon;Tue;Wed;Thu;Fri;
132920,1:00:00 PM,12:00:00 AM,Sat;
132920,2:00:00 AM,12:00:00 AM,Sun;
132919,9:00:00 AM,2:00:00 PM,Mon;Tue;Wed;Thu;Fri;
132919,9:00:00 AM,2:00:00 PM,Sat;
132919,9:00:00 AM,1:00:00 PM,Sun;
132918,9:00:00 AM,7:00:00 PM,Mon;Tue;Wed;Thu;Fri;
132918,9:00:00 AM,7:00:00 PM,Sat;
132918,9:00:00 AM,6:00:00 PM,Sun;
132917,9:00:00 AM,10:00:00 PM,Mon;Tue;Wed;Thu;Fri;
132917,9:00:00 AM,10:00:00 PM,Sat;
132917,9:00:00 AM,7:00:00 PM,Sun;
132916,6:00:00 PM,11:00:00 PM,Mon;Tue;Wed;Thu;Fri;
132916,6:00:00 PM,12:00:00 AM,Sat;
132916,4:00:00 PM,12:00:00 AM,Sun;
132915,7:00:00 AM,3:00:00 PM,Mon;Tue;Wed;Thu;Fri;
132915,7:00:00 AM,3:00:00 PM,Sat;
132915,7:00:00 AM,3:00:00 PM,Sun;
132914,6:00:00 PM,12:00:00 AM,Mon;Tue;Wed;Thu;Fri;
132914,6:00:00 PM,12:00:00 AM,Sat;
132914,6:00:00 PM,12:00:00 AM,Sun;
132913,1:00:00 PM,12:00:00 AM,Mon;Tue;Wed;Thu;Fri;
132913,1:00:00 PM,12:00:00 AM,Sat;
132913,1:00:00 PM,12:00:00 AM,Sun;
132912,7:00:00 AM,3:00:00 PM,Mon;Tue;Wed;Thu;Fri;
132912,7:00:00 AM,3:00:00 PM,Sat;
132912,7:00:00 AM,3:00:00 PM,Sun;
132911,11:00:00 AM,4:00:00 PM,Mon;Tue;Wed;Thu;Fri;
132911,11:00:00 AM,4:00:00 PM,Sat;
132911,12:00:00 AM,12:00:00 AM,Sun;
132910,8:00:00 AM,6:00:00 PM,Mon;Tue;Wed;Thu;Fri;
132910,8:00:00 AM,6:00:00 PM,Sat;
132910,8:00:00 AM,6:00:00 PM,Sun;
132909,12:00:00 AM,12:00:00 AM,Mon;Tue;Wed;Thu;Fri;
132909,12:00:00 AM,12:00:00 AM,Sat;
132909,12:00:00 AM,12:00:00 AM,Sun;
132908,12:00:00 AM,12:00:00 AM,Mon;Tue;Wed;Thu;Fri;
132908,12:00:00 AM,12:00:00 AM,Sat;
132908,12:00:00 AM,12:00:00 AM,Sun;
132907,12:00:00 AM,12:00:00 AM,Mon;Tue;Wed;Thu;Fri;
132907,12:00:00 AM,12:00:00 AM,Sat;
132907,12:00:00 AM,12:00:00 AM,Sun;
132906,12:00:00 AM,12:00:00 AM,Mon;Tue;Wed;Thu;Fri;
132906,12:00:00 AM,12:00:00 AM,Sat;
132906,12:00:00 AM,12:00:00 AM,Sun;
132905,12:00:00 AM,12:00:00 AM,Mon;Tue;Wed;Thu;Fri;
132905,12:00:00 AM,12:00:00 AM,Sat;
132905,12:00:00 AM,12:00:00 AM,Sun;
132904,12:00:00 AM,12:00:00 AM,Mon;Tue;Wed;Thu;Fri;
132904,12:00:00 AM,12:00:00 AM,Sat;
132904,12:00:00 AM,12:00:00 AM,Sun;
132903,2:00:00 PM,7:00:00 PM,Mon;Tue;Wed;Thu;Fri;
132903,2:00:00 PM,7:00:00 PM,Sat;
132903,2:00:00 PM,7:00:00 PM,Sun;
132902,7:00:00 PM,3:00:00 AM,Mon;Tue;Wed;Thu;Fri;
132902,7:00:00 PM,3:00:00 AM,Sat;
132902,7:00:00 AM,3:00:00 AM,Sun;
132901,7:00:00 PM,12:00:00 AM,Mon;Tue;Wed;Thu;Fri;
132901,6:00:00 PM,12:00:00 AM,Sat;
132901,6:00:00 PM,12:00:00 AM,Sun;
132900,1:00:00 PM,11:00:00 PM,Mon;Tue;Wed;Thu;Fri;
132900,1:00:00 PM,11:00:00 PM,Sat;
132900,2:00:00 PM,11:00:00 PM,Sun;
132899,7:00:00 AM,12:00:00 AM,Mon;Tue;Wed;Thu;Fri;
132899,7:00:00 AM,12:00:00 AM,Sat;
132899,7:00:00 AM,12:00:00 AM,Sun;
132898,12:00:00 AM,12:00:00 AM,Mon;Tue;Wed;Thu;Fri;
132898,12:00:00 AM,12:00:00 AM,Sat;
132898,12:00:00 AM,12:00:00 AM,Sun;
132897,10:00:00 AM,6:00:00 PM,Mon;Tue;Wed;Thu;Fri;
132897,10:00:00 AM,6:00:00 PM,Sat;
132897,12:00:00 AM,12:00:00 AM,Sun;
132896,6:00:00 AM,12:00:00 AM,Mon;Tue;Wed;Thu;Fri;
132896,6:00:00 AM,12:00:00 AM,Sat;
132896,6:00:00 AM,12:00:00 AM,Sun;
132895,7:00:00 AM,12:00:00 AM,Mon;Tue;Wed;Thu;Fri;
132895,7:00:00 AM,12:00:00 AM,Sat;
132895,7:00:00 AM,12:00:00 AM,Sun;
132894,9:00:00 AM,9:00:00 PM,Mon;Tue;Wed;Thu;Fri;
132894,9:00:00 AM,10:00:00 PM,Sat;
132894,11:00:00 AM,12:00:00 AM,Sun;
132893,7:00:00 AM,2:00:00 PM,Mon;Tue;Wed;Thu;Fri;
132893,10:00:00 AM,10:00:00 PM,Sat;
132893,12:00:00 AM,12:00:00 AM,Sun;
132892,8:00:00 AM,9:00:00 PM,Mon;Tue;Wed;Thu;Fri;
132892,10:00:00 AM,9:00:00 PM,Sat;
132892,12:00:00 AM,12:00:00 AM,Sun;
132891,9:00:00 AM,12:00:00 AM,Mon;Tue;Wed;Thu;Fri;
132891,7:00:00 AM,7:00:00 PM,Sat;
132891,10:00:00 AM,8:00:00 PM,Sun;
132890,9:00:00 AM,9:00:00 PM,Mon;Tue;Wed;Thu;Fri;
132890,9:00:00 AM,9:00:00 PM,Sat;
132890,12:00:00 AM,12:00:00 AM,Sun;
132889,10:00:00 AM,8:00:00 PM,Mon;Tue;Wed;Thu;Fri;
132889,12:00:00 PM,12:00:00 AM,Sat;
132889,12:00:00 AM,12:00:00 AM,Sun;
132888,8:00:00 AM,8:00:00 PM,Mon;Tue;Wed;Thu;Fri;
132888,9:00:00 AM,8:00:00 PM,Sat;
132888,12:00:00 AM,1:00:00 AM,Sun;
132887,9:00:00 AM,12:00:00 AM,Sat;
132887,8:00:00 AM,12:00:00 AM,Mon;Tue;Wed;Thu;Fri;
132887,10:00:00 AM,12:00:00 AM,Sun;
132886,8:00:00 AM,12:00:00 AM,Mon;Tue;Wed;Thu;Fri;
132886,8:00:00 AM,12:00:00 AM,Sat;
132886,8:00:00 AM,12:00:00 AM,Sun;
132885,8:00:00 AM,12:00:00 AM,Mon;Tue;Wed;Thu;Fri;
132885,8:00:00 AM,12:00:00 AM,Sat;
132885,8:00:00 AM,12:00:00 AM,Sun;
132884,12:00:00 AM,12:00:00 AM,Mon;Tue;Wed;Thu;Fri;
132884,12:00:00 AM,12:00:00 AM,Sat;
132884,12:00:00 AM,12:00:00 AM,Sun;
132883,12:00:00 AM,12:00:00 AM,Mon;Tue;Wed;Thu;Fri;
132883,12:00:00 AM,12:00:00 AM,Sat;
132883,12:00:00 AM,12:00:00 AM,Sun;
132882,12:00:00 AM,12:00:00 AM,Mon;Tue;Wed;Thu;Fri;
132882,12:00:00 AM,12:00:00 AM,Sat;
132882,12:00:00 AM,12:00:00 AM,Sun;
132881,12:00:00 AM,12:00:00 AM,Mon;Tue;Wed;Thu;Fri;
132881,12:00:00 AM,12:00:00 AM,Sat;
132881,12:00:00 AM,12:00:00 AM,Sun;
132880,11:00:00 AM,7:00:00 PM,Mon;Tue;Wed;Thu;Fri;
132880,10:00:00 AM,8:00:00 PM,Sat;
132880,10:00:00 AM,8:00:00 PM,Sun;
132879,12:00:00 AM,12:00:00 AM,Mon;Tue;Wed;Thu;Fri;
132879,12:00:00 AM,12:00:00 AM,Sat;
132879,12:00:00 AM,12:00:00 AM,Sun;
132878,12:00:00 AM,12:00:00 AM,Mon;Tue;Wed;Thu;Fri;
132878,12:00:00 AM,12:00:00 AM,Sat;
132878,12:00:00 AM,12:00:00 AM,Sun;
132877,12:00:00 AM,12:00:00 AM,Mon;Tue;Wed;Thu;Fri;
132877,12:00:00 AM,12:00:00 AM,Sat;
132877,12:00:00 AM,12:00:00 AM,Sun;
132876,12:00:00 AM,12:00:00 AM,Mon;Tue;Wed;Thu;Fri;
132876,12:00:00 AM,12:00:00 AM,Sat;
132876,12:00:00 AM,12:00:00 AM,Sun;
132875,12:00:00 AM,12:00:00 AM,Mon;Tue;Wed;Thu;Fri;
132875,12:00:00 AM,12:00:00 AM,Sat;
132875,12:00:00 AM,12:00:00 AM,Sun;
132874,12:00:00 AM,12:00:00 AM,Mon;Tue;Wed;Thu;Fri;
132874,12:00:00 AM,12:00:00 AM,Sat;
132874,12:00:00 AM,12:00:00 AM,Sun;
132873,11:00:00 AM,11:00:00 PM,Mon;Tue;Wed;Thu;Fri;
132873,11:00:00 AM,11:00:00 PM,Sat;
132873,11:00:00 AM,11:00:00 PM,Sun;
132872,9:00:00 AM,10:00:00 PM,Mon;Tue;Wed;Thu;Fri;
132872,9:00:00 AM,10:00:00 PM,Sat;
132872,12:00:00 AM,1:00:00 AM,Sun;
132871,3:00:00 PM,12:00:00 AM,Mon;Tue;Wed;Thu;Fri;
132871,3:00:00 PM,12:00:00 AM,Sat;
132871,3:00:00 PM,12:00:00 AM,Sun;
132870,10:00:00 AM,12:00:00 AM,Mon;Tue;Wed;Thu;Fri;
132870,10:00:00 AM,12:00:00 AM,Sat;
132870,10:00:00 AM,12:00:00 AM,Sun;
132869,10:00:00 AM,12:00:00 AM,Mon;Tue;Wed;Thu;Fri;
132869,10:00:00 AM,12:00:00 AM,Sat;
132869,10:00:00 AM,12:00:00 AM,Sun;
132868,2:00:00 PM,3:00:00 AM,Mon;Tue;Wed;Thu;Fri;
132868,2:00:00 PM,3:00:00 AM,Sat;
132868,2:00:00 PM,3:00:00 AM,Sun;
132867,8:00:00 AM,11:00:00 PM,Mon;Tue;Wed;Thu;Fri;
132867,8:00:00 AM,12:00:00 AM,Sat;
132867,8:00:00 AM,12:00:00 AM,Sun;
132866,9:00:00 AM,11:00:00 PM,Mon;Tue;Wed;Thu;Fri;
132866,9:00:00 AM,11:00:00 PM,Sat;
132866,9:00:00 AM,11:00:00 PM,Sun;
132865,8:00:00 AM,12:00:00 AM,Mon;Tue;Wed;Thu;Fri;
132865,8:00:00 AM,12:00:00 AM,Sat;
132865,8:00:00 AM,12:00:00 AM,Sun;
132864,8:00:00 PM,2:00:00 AM,Mon;Tue;Wed;Thu;Fri;
132864,8:00:00 PM,6:00:00 AM,Sat;
132864,8:00:00 PM,4:00:00 AM,Sun;
132863,10:00:00 AM,11:00:00 PM,Mon;Tue;Wed;Thu;Fri;
132863,10:00:00 AM,11:00:00 PM,Sat;
132863,10:00:00 AM,11:00:00 PM,Sun;
132862,9:00:00 AM,12:00:00 AM,Mon;Tue;Wed;Thu;Fri;
132862,9:00:00 AM,12:00:00 AM,Sat;
132862,9:00:00 AM,12:00:00 AM,Sun;
132861,10:00:00 AM,12:00:00 AM,Mon;Tue;Wed;Thu;Fri;
132861,10:00:00 AM,12:00:00 AM,Sat;
132861,10:00:00 AM,12:00:00 AM,Sun;
132860,10:00:00 AM,12:00:00 AM,Mon;Tue;Wed;Thu;Fri;
132860,10:00:00 AM,12:00:00 AM,Sat;
132860,10:00:00 AM,12:00:00 AM,Sun;
132859,9:00:00 AM,11:00:00 PM,Mon;Tue;Wed;Thu;Fri;
132859,9:00:00 AM,11:00:00 PM,Sat;
132859,9:00:00 AM,11:00:00 PM,Sun;
132858,6:00:00 PM,12:00:00 AM,Mon;Tue;Wed;Thu;Fri;
132858,6:00:00 PM,12:00:00 AM,Sat;
132858,6:00:00 PM,12:00:00 AM,Sun;
132857,10:00:00 AM,11:00:00 PM,Mon;Tue;Wed;Thu;Fri;
132857,10:00:00 AM,11:00:00 PM,Sat;
132857,10:00:00 AM,11:00:00 PM,Sun;
132856,10:00:00 AM,11:00:00 PM,Mon;Tue;Wed;Thu;Fri;
132856,10:00:00 AM,11:00:00 PM,Sat;
132856,10:00:00 AM,11:00:00 PM,Sun;
132855,10:00:00 AM,5:00:00 PM,Mon;Tue;Wed;Thu;Fri;
132855,10:00:00 AM,5:00:00 PM,Sat;
132855,10:00:00 AM,5:00:00 PM,Sun;
132854,10:00:00 AM,11:00:00 PM,Mon;Tue;Wed;Thu;Fri;
132854,10:00:00 AM,11:00:00 PM,Sat;
132854,10:00:00 AM,11:00:00 PM,Sun;
132853,12:00:00 PM,8:00:00 PM,Mon;Tue;Wed;Thu;Fri;
132853,12:00:00 PM,8:00:00 PM,Sat;
132853,12:00:00 AM,1:00:00 AM,Sun;
132852,6:00:00 PM,6:00:00 AM,Mon;Tue;Wed;Thu;Fri;
132852,6:00:00 PM,6:00:00 AM,Sat;
132852,6:00:00 PM,5:00:00 AM,Sun;
132851,9:00:00 AM,11:00:00 PM,Mon;Tue;Wed;Thu;Fri;
132851,9:00:00 AM,11:00:00 PM,Sat;
132851,9:00:00 AM,11:00:00 PM,Sun;
132850,8:00:00 AM,11:00:00 PM,Mon;Tue;Wed;Thu;Fri;
132850,8:00:00 AM,11:00:00 PM,Sat;
132850,6:00:00 PM,11:00:00 PM,Sun;
132849,2:00:00 PM,10:00:00 PM,Mon;Tue;Wed;Thu;Fri;
132849,2:00:00 PM,10:00:00 PM,Sat;
132849,2:00:00 PM,10:00:00 PM,Sun;
132848,5:00:00 PM,2:00:00 AM,Mon;Tue;Wed;Thu;Fri;
132848,5:00:00 PM,2:00:00 AM,Sat;
132848,5:00:00 PM,2:00:00 AM,Sun;
132847,8:00:00 PM,2:00:00 AM,Mon;Tue;Wed;Thu;Fri;
132847,8:00:00 PM,2:00:00 AM,Sat;
132847,8:00:00 PM,2:00:00 AM,Sun;
132846,8:00:00 AM,12:00:00 AM,Mon;Tue;Wed;Thu;Fri;
132846,8:00:00 AM,12:00:00 AM,Sat;
132846,8:00:00 AM,12:00:00 AM,Sun;
132845,7:00:00 PM,12:00:00 AM,Mon;Tue;Wed;Thu;Fri;
132845,7:00:00 PM,12:00:00 AM,Sat;
132845,7:00:00 PM,12:00:00 AM,Sun;
132844,12:00:00 AM,12:00:00 AM,Mon;Tue;Wed;Thu;Fri;
132844,12:00:00 AM,12:00:00 AM,Sat;
132844,12:00:00 AM,12:00:00 AM,Sun;
132843,12:00:00 AM,12:00:00 AM,Mon;Tue;Wed;Thu;Fri;
132843,12:00:00 AM,12:00:00 AM,Sat;
132843,12:00:00 AM,12:00:00 AM,Sun;
132842,7:00:00 PM,5:00:00 AM,Mon;Tue;Wed;Thu;Fri;
132842,7:00:00 PM,5:00:00 AM,Sat;
132842,7:00:00 PM,1:00:00 PM,Sun;
132841,12:00:00 PM,7:00:00 PM,Mon;Tue;Wed;Thu;Fri;
132841,12:00:00 PM,7:00:00 PM,Sat;
132841,12:00:00 PM,7:00:00 PM,Sun;
132840,7:00:00 AM,12:00:00 PM,Mon;Tue;Wed;Thu;Fri;
132840,7:00:00 AM,12:00:00 PM,Sat;
132840,12:00:00 AM,1:00:00 AM,Sun;
132839,12:00:00 AM,12:00:00 AM,Mon;Tue;Wed;Thu;Fri;
132839,12:00:00 AM,12:00:00 AM,Sat;
132839,12:00:00 AM,12:00:00 AM,Sun;
132838,12:00:00 AM,12:00:00 AM,Mon;Tue;Wed;Thu;Fri;
132838,12:00:00 AM,12:00:00 AM,Sat;
132838,12:00:00 AM,12:00:00 AM,Sun;
132837,12:00:00 AM,12:00:00 AM,Mon;Tue;Wed;Thu;Fri;
132837,12:00:00 AM,12:00:00 AM,Sat;
132837,12:00:00 AM,12:00:00 AM,Sun;
132836,12:00:00 AM,12:00:00 AM,Mon;Tue;Wed;Thu;Fri;
132836,12:00:00 AM,12:00:00 AM,Sat;
132836,12:00:00 AM,12:00:00 AM,Sun;
132835,12:00:00 AM,12:00:00 AM,Mon;Tue;Wed;Thu;Fri;
132835,12:00:00 AM,12:00:00 AM,Sat;
132835,12:00:00 AM,12:00:00 AM,Sun;
132834,8:00:00 AM,4:00:00 PM,Mon;Tue;Wed;Thu;Fri;
132834,12:00:00 AM,12:00:00 AM,Sat;
132834,12:00:00 AM,12:00:00 AM,Sun;
132833,12:00:00 AM,12:00:00 AM,Mon;Tue;Wed;Thu;Fri;
132833,12:00:00 AM,12:00:00 AM,Sat;
132833,12:00:00 AM,12:00:00 AM,Sun;
132832,12:00:00 AM,12:00:00 AM,Mon;Tue;Wed;Thu;Fri;
132832,12:00:00 AM,12:00:00 AM,Sat;
132832,12:00:00 AM,12:00:00 AM,Sun;
132831,12:00:00 AM,12:00:00 AM,Mon;Tue;Wed;Thu;Fri;
132831,12:00:00 AM,12:00:00 AM,Sat;
132831,12:00:00 AM,12:00:00 AM,Sun;
132830,12:00:00 AM,12:00:00 AM,Mon;Tue;Wed;Thu;Fri;
132830,12:00:00 AM,12:00:00 AM,Sat;
132830,12:00:00 AM,12:00:00 AM,Sun;
132829,12:00:00 AM,12:00:00 AM,Mon;Tue;Wed;Thu;Fri;
132829,12:00:00 AM,12:00:00 AM,Sat;
132829,12:00:00 AM,12:00:00 AM,Sun;
132828,12:00:00 AM,12:00:00 AM,Mon;Tue;Wed;Thu;Fri;
132828,12:00:00 AM,12:00:00 AM,Sat;
132828,12:00:00 AM,12:00:00 AM,Sun;
132827,12:00:00 AM,12:00:00 AM,Mon;Tue;Wed;Thu;Fri;
132827,12:00:00 AM,12:00:00 AM,Sat;
132827,12:00:00 AM,12:00:00 AM,Sun;
132826,12:00:00 AM,12:00:00 AM,Mon;Tue;Wed;Thu;Fri;
132826,12:00:00 AM,12:00:00 AM,Sat;
132826,12:00:00 AM,12:00:00 AM,Sun;
132825,9:00:00 AM,1:00:00 PM,Mon;Tue;Wed;Thu;Fri;
132825,9:00:00 AM,1:00:00 PM,Sat;
132825,9:00:00 AM,1:00:00 PM,Sun;
132824,12:00:00 AM,12:00:00 AM,Mon;Tue;Wed;Thu;Fri;
132824,12:00:00 AM,12:00:00 AM,Sat;
132824,12:00:00 AM,12:00:00 AM,Sun;
132823,12:00:00 AM,12:00:00 AM,Mon;Tue;Wed;Thu;Fri;
132823,12:00:00 AM,12:00:00 AM,Sat;
132823,12:00:00 AM,12:00:00 AM,Sun;
132822,12:00:00 AM,12:00:00 AM,Mon;Tue;Wed;Thu;Fri;
132822,12:00:00 AM,12:00:00 AM,Sat;
132822,12:00:00 AM,12:00:00 AM,Sun;
132821,12:00:00 AM,12:00:00 AM,Mon;Tue;Wed;Thu;Fri;
132821,12:00:00 AM,12:00:00 AM,Sat;
132821,12:00:00 AM,12:00:00 AM,Sun;
132820,12:00:00 AM,12:00:00 AM,Mon;Tue;Wed;Thu;Fri;
132820,12:00:00 AM,12:00:00 AM,Sat;
132820,12:00:00 AM,12:00:00 AM,Sun;
132819,12:00:00 AM,12:00:00 AM,Mon;Tue;Wed;Thu;Fri;
132819,12:00:00 AM,12:00:00 AM,Sat;
132819,12:00:00 AM,12:00:00 AM,Sun;
132818,12:00:00 AM,12:00:00 AM,Mon;Tue;Wed;Thu;Fri;
132818,12:00:00 AM,12:00:00 AM,Sat;
132818,12:00:00 AM,12:00:00 AM,Sun;
132817,12:00:00 AM,12:00:00 AM,Mon;Tue;Wed;Thu;Fri;
132817,12:00:00 AM,12:00:00 AM,Sat;
132817,12:00:00 AM,12:00:00 AM,Sun;
132816,12:00:00 AM,12:00:00 AM,Mon;Tue;Wed;Thu;Fri;
132816,12:00:00 AM,12:00:00 AM,Sat;
132816,12:00:00 AM,12:00:00 AM,Sun;
132815,12:00:00 AM,12:00:00 AM,Mon;Tue;Wed;Thu;Fri;
132815,12:00:00 AM,12:00:00 AM,Sat;
132815,12:00:00 AM,12:00:00 AM,Sun;
132813,12:00:00 AM,12:00:00 AM,Mon;Tue;Wed;Thu;Fri;
132813,12:00:00 AM,12:00:00 AM,Sat;
132813,12:00:00 AM,12:00:00 AM,Sun;
132812,12:00:00 AM,12:00:00 AM,Mon;Tue;Wed;Thu;Fri;
132812,12:00:00 AM,12:00:00 AM,Sat;
132812,12:00:00 AM,12:00:00 AM,Sun;
132811,12:00:00 AM,12:00:00 AM,Mon;Tue;Wed;Thu;Fri;
132811,12:00:00 AM,12:00:00 AM,Sat;
132811,12:00:00 AM,12:00:00 AM,Sun;
132810,12:00:00 AM,12:00:00 AM,Mon;Tue;Wed;Thu;Fri;
132810,12:00:00 AM,12:00:00 AM,Sat;
132810,12:00:00 AM,12:00:00 AM,Sun;
132809,12:00:00 AM,12:00:00 AM,Mon;Tue;Wed;Thu;Fri;
132809,12:00:00 AM,12:00:00 AM,Sat;
132809,12:00:00 AM,12:00:00 AM,Sun;
132808,12:00:00 AM,12:00:00 AM,Mon;Tue;Wed;Thu;Fri;
132808,12:00:00 AM,12:00:00 AM,Sat;
132808,12:00:00 AM,12:00:00 AM,Sun;
132807,12:00:00 AM,12:00:00 AM,Mon;Tue;Wed;Thu;Fri;
132807,12:00:00 AM,12:00:00 AM,Sat;
132807,12:00:00 AM,12:00:00 AM,Sun;
132806,12:00:00 AM,12:00:00 AM,Mon;Tue;Wed;Thu;Fri;
132806,12:00:00 AM,12:00:00 AM,Sat;
132806,12:00:00 AM,12:00:00 AM,Sun;
132805,9:00:00 AM,8:00:00 PM,Sat;
132805,9:00:00 AM,8:00:00 PM,Mon;Tue;Wed;Thu;Fri;
132805,9:00:00 AM,8:00:00 PM,Sun;
132804,12:00:00 AM,12:00:00 AM,Mon;Tue;Wed;Thu;Fri;
132804,12:00:00 AM,12:00:00 AM,Sat;
132804,12:00:00 AM,12:00:00 AM,Sun;
132803,11:00:00 AM,12:00:00 AM,Mon;Tue;Wed;Thu;Fri;
132803,11:00:00 AM,12:00:00 AM,Sat;
132803,11:00:00 AM,12:00:00 AM,Sun;
132802,9:00:00 AM,12:00:00 AM,Mon;Tue;Wed;Thu;Fri;
132802,9:00:00 AM,12:00:00 AM,Sat;
132802,9:00:00 AM,12:00:00 AM,Sun;
132801,12:00:00 PM,12:00:00 AM,Mon;Tue;Wed;Thu;Fri;
132801,1:00:00 PM,12:00:00 AM,Sat;
132801,1:00:00 PM,12:00:00 AM,Sun;
132799,9:00:00 AM,12:00:00 AM,Mon;Tue;Wed;Thu;Fri;
132799,10:00:00 AM,12:00:00 AM,Sat;
132799,11:00:00 AM,12:00:00 AM,Sun;
132798,12:00:00 AM,12:00:00 AM,Mon;Tue;Wed;Thu;Fri;
132798,12:00:00 AM,12:00:00 AM,Sat;
132798,12:00:00 AM,12:00:00 AM,Sun;
132797,10:00:00 AM,12:00:00 AM,Mon;Tue;Wed;Thu;Fri;
132797,10:00:00 AM,12:00:00 AM,Sat;
132797,10:00:00 AM,12:00:00 AM,Sun;
132796,12:00:00 AM,12:00:00 AM,Mon;Tue;Wed;Thu;Fri;
132796,12:00:00 AM,12:00:00 AM,Sat;
132796,12:00:00 AM,12:00:00 AM,Sun;
132795,10:00:00 AM,12:00:00 AM,Mon;Tue;Wed;Thu;Fri;
132795,9:00:00 AM,12:00:00 AM,Sat;
132795,9:00:00 AM,12:00:00 AM,Sun;
132794,12:00:00 AM,12:00:00 AM,Mon;Tue;Wed;Thu;Fri;
132794,12:00:00 AM,12:00:00 AM,Sat;
132794,12:00:00 AM,12:00:00 AM,Sun;
132793,10:00:00 AM,11:00:00 PM,Mon;Tue;Wed;Thu;Fri;
132793,10:00:00 AM,12:00:00 AM,Sat;
132793,10:00:00 AM,12:00:00 AM,Sun;
132792,9:00:00 AM,12:00:00 AM,Mon;Tue;Wed;Thu;Fri;
132792,9:00:00 AM,12:00:00 AM,Sat;
132792,9:00:00 AM,12:00:00 AM,Sun;
132791,9:00:00 AM,12:00:00 AM,Mon;Tue;Wed;Thu;Fri;
132791,9:00:00 AM,12:00:00 AM,Sat;
132791,9:00:00 AM,12:00:00 AM,Sun;
132790,2:00:00 PM,12:00:00 AM,Mon;Tue;Wed;Thu;Fri;
132790,2:00:00 PM,12:00:00 AM,Sat;
132790,2:00:00 PM,12:00:00 AM,Sun;
132789,11:00:00 AM,8:00:00 PM,Mon;Tue;Wed;Thu;Fri;
132789,11:00:00 AM,8:00:00 PM,Sat;
132789,11:00:00 AM,8:00:00 PM,Sun;
132788,2:00:00 PM,12:00:00 AM,Mon;Tue;Wed;Thu;Fri;
132788,2:00:00 PM,12:00:00 AM,Sat;
132788,2:00:00 PM,12:00:00 AM,Sun;
132787,2:00:00 PM,12:00:00 AM,Mon;Tue;Wed;Thu;Fri;
132787,2:00:00 PM,12:00:00 AM,Sat;
132787,2:00:00 PM,12:00:00 AM,Sun;
132786,9:00:00 AM,12:00:00 AM,Mon;Tue;Wed;Thu;Fri;
132786,9:00:00 AM,12:00:00 AM,Sat;
132786,9:00:00 AM,12:00:00 AM,Sun;
132785,2:00:00 PM,12:00:00 AM,Mon;Tue;Wed;Thu;Fri;
132785,2:00:00 PM,12:00:00 AM,Sat;
132785,2:00:00 PM,12:00:00 AM,Sun;
132784,2:00:00 PM,12:00:00 AM,Mon;Tue;Wed;Thu;Fri;
132784,2:00:00 PM,12:00:00 AM,Sat;
132784,2:00:00 PM,12:00:00 AM,Sun;
132783,11:00:00 AM,12:00:00 AM,Mon;Tue;Wed;Thu;Fri;
132783,11:00:00 AM,12:00:00 AM,Sat;
132783,11:00:00 AM,12:00:00 AM,Sun;
132782,9:00:00 AM,7:00:00 PM,Mon;Tue;Wed;Thu;Fri;
132782,10:00:00 AM,7:00:00 PM,Sat;
132782,10:00:00 AM,7:00:00 PM,Sun;
132781,12:00:00 AM,12:00:00 AM,Mon;Tue;Wed;Thu;Fri;
132781,12:00:00 AM,12:00:00 AM,Sat;
132781,12:00:00 AM,12:00:00 AM,Sun;
132780,12:00:00 AM,12:00:00 AM,Mon;Tue;Wed;Thu;Fri;
132780,12:00:00 AM,12:00:00 AM,Sat;
132780,12:00:00 AM,12:00:00 AM,Sun;
132779,7:00:00 AM,9:00:00 PM,Mon;Tue;Wed;Thu;Fri;
132779,7:00:00 AM,9:00:00 PM,Sat;
132779,12:00:00 AM,12:00:00 AM,Sun;
132778,12:00:00 AM,12:00:00 AM,Mon;Tue;Wed;Thu;Fri;
132778,12:00:00 AM,12:00:00 AM,Sat;
132778,12:00:00 AM,12:00:00 AM,Sun;
132777,12:00:00 AM,12:00:00 AM,Mon;Tue;Wed;Thu;Fri;
132777,12:00:00 AM,12:00:00 AM,Sat;
132777,12:00:00 AM,12:00:00 AM,Sun;
132776,1:00:00 PM,6:00:00 PM,Mon;Tue;Wed;Thu;Fri;
132776,1:00:00 PM,6:00:00 PM,Sat;
132776,12:00:00 AM,12:00:00 AM,Sun;
132775,8:00:00 PM,12:00:00 AM,Mon;Tue;Wed;Thu;Fri;
132775,8:00:00 PM,12:00:00 AM,Sat;
132775,8:00:00 PM,12:00:00 AM,Sun;
132774,7:00:00 AM,11:00:00 PM,Mon;Tue;Wed;Thu;Fri;
132774,7:00:00 AM,11:00:00 PM,Sat;
132774,7:00:00 AM,11:00:00 PM,Sun;
132773,10:00:00 AM,7:00:00 PM,Mon;Tue;Wed;Thu;Fri;
132773,10:00:00 AM,2:00:00 PM,Sat;
132773,10:00:00 AM,2:00:00 PM,Sun;
132772,5:00:00 PM,12:00:00 AM,Mon;Tue;Wed;Thu;Fri;
132772,12:00:00 PM,12:00:00 AM,Sat;
132772,12:00:00 AM,12:00:00 AM,Sun;
132771,10:00:00 AM,8:00:00 PM,Mon;Tue;Wed;Thu;Fri;
132771,10:00:00 AM,8:00:00 PM,Sat;
132771,9:00:00 AM,9:00:00 PM,Sun;
132770,12:00:00 PM,7:00:00 PM,Mon;Tue;Wed;Thu;Fri;
132770,12:00:00 AM,12:00:00 AM,Sat;
132770,12:00:00 AM,12:00:00 AM,Sun;
132769,12:00:00 AM,12:00:00 AM,Mon;Tue;Wed;Thu;Fri;
132769,4:00:00 PM,11:00:00 PM,Sat;
132769,7:00:00 AM,2:00:00 PM,Sun;
132768,9:00:00 AM,8:00:00 PM,Mon;Tue;Wed;Thu;Fri;
132768,10:00:00 AM,7:00:00 PM,Sat;
132768,10:00:00 AM,8:00:00 PM,Sun;
132767,2:00:00 PM,9:00:00 PM,Mon;Tue;Wed;Thu;Fri;
132767,2:00:00 PM,12:00:00 AM,Sat;
132767,12:00:00 PM,12:00:00 AM,Sun;
132766,12:00:00 AM,12:00:00 AM,Mon;Tue;Wed;Thu;Fri;
132766,12:00:00 AM,12:00:00 AM,Sat;
132766,12:00:00 AM,12:00:00 AM,Sun;
132762,12:00:00 AM,1:00:00 AM,Mon;Tue;Wed;Thu;Fri;
132762,7:00:00 PM,12:00:00 AM,Sat;
132762,7:00:00 PM,12:00:00 AM,Sun;
132761,11:00:00 AM,8:00:00 PM,Mon;Tue;Wed;Thu;Fri;
132761,10:00:00 AM,10:00:00 PM,Sat;
132761,11:00:00 AM,10:00:00 PM,Sun;
132760,6:00:00 AM,4:00:00 AM,Mon;Tue;Wed;Thu;Fri;
132760,12:00:00 AM,12:00:00 AM,Sat;
132760,12:00:00 AM,12:00:00 AM,Sun;
132759,12:00:00 PM,11:00:00 PM,Mon;Tue;Wed;Thu;Fri;
132759,12:00:00 PM,11:00:00 PM,Sat;
132759,12:00:00 PM,11:00:00 PM,Sun;
132758,9:00:00 AM,11:00:00 PM,Mon;Tue;Wed;Thu;Fri;
132758,9:00:00 AM,11:00:00 PM,Sat;
132758,9:00:00 AM,11:00:00 PM,Sun;
132757,5:00:00 PM,12:00:00 AM,Mon;Tue;Wed;Thu;Fri;
132757,5:00:00 PM,12:00:00 AM,Sat;
132757,5:00:00 PM,12:00:00 AM,Sun;
132756,8:00:00 AM,12:00:00 AM,Mon;Tue;Wed;Thu;Fri;
132756,8:00:00 AM,12:00:00 AM,Sat;
132756,8:00:00 AM,12:00:00 AM,Sun;
132755,12:00:00 AM,12:00:00 AM,Mon;Tue;Wed;Thu;Fri;
132755,12:00:00 AM,12:00:00 AM,Sat;
132755,12:00:00 AM,12:00:00 AM,Sun;
132754,8:00:00 AM,9:00:00 PM,Mon;Tue;Wed;Thu;Fri;
132754,8:00:00 AM,9:00:00 PM,Sat;
132754,8:00:00 AM,7:00:00 PM,Sun;
132753,7:00:00 AM,12:00:00 AM,Mon;Tue;Wed;Thu;Fri;
132753,7:00:00 AM,12:00:00 AM,Sat;
132753,7:00:00 AM,12:00:00 AM,Sun;
132752,7:00:00 AM,4:00:00 PM,Mon;Tue;Wed;Thu;Fri;
132752,7:00:00 AM,4:00:00 PM,Sat;
132752,12:00:00 AM,1:00:00 AM,Sun;
132751,11:00:00 AM,12:00:00 AM,Mon;Tue;Wed;Thu;Fri;
132751,11:00:00 AM,12:00:00 AM,Sat;
132751,11:00:00 AM,12:00:00 AM,Sun;
132750,1:00:00 PM,10:00:00 PM,Mon;Tue;Wed;Thu;Fri;
132750,1:00:00 PM,10:00:00 PM,Sat;
132750,1:00:00 PM,9:00:00 PM,Sun;
132749,12:00:00 PM,11:00:00 PM,Mon;Tue;Wed;Thu;Fri;
132749,12:00:00 PM,10:00:00 PM,Sat;
132749,12:00:00 PM,9:00:00 PM,Sun;
132748,7:00:00 PM,12:00:00 AM,Mon;Tue;Wed;Thu;Fri;
132748,7:00:00 PM,12:00:00 AM,Sat;
132748,12:00:00 AM,1:00:00 AM,Sun;
132747,12:00:00 AM,12:00:00 AM,Mon;Tue;Wed;Thu;Fri;
132747,12:00:00 AM,12:00:00 AM,Sat;
132747,12:00:00 AM,12:00:00 AM,Sun;
132746,11:00:00 AM,11:00:00 PM,Mon;Tue;Wed;Thu;Fri;
132746,11:00:00 AM,11:00:00 PM,Sat;
132746,11:00:00 AM,10:00:00 PM,Sun;
132745,6:00:00 PM,12:00:00 AM,Mon;Tue;Wed;Thu;Fri;
132745,6:00:00 PM,12:00:00 AM,Sat;
132745,6:00:00 PM,12:00:00 AM,Sun;
132744,7:00:00 PM,12:00:00 AM,Mon;Tue;Wed;Thu;Fri;
132744,7:00:00 PM,12:00:00 AM,Sat;
132744,7:00:00 PM,12:00:00 AM,Sun;
132743,12:00:00 AM,12:00:00 AM,Mon;Tue;Wed;Thu;Fri;
132743,12:00:00 AM,12:00:00 AM,Sat;
132743,12:00:00 AM,12:00:00 AM,Sun;
132742,8:00:00 AM,4:00:00 PM,Mon;Tue;Wed;Thu;Fri;
132742,9:00:00 AM,4:00:00 PM,Sat;
132742,9:00:00 AM,4:00:00 PM,Sun;
132741,7:00:00 PM,12:00:00 AM,Mon;Tue;Wed;Thu;Fri;
132741,7:00:00 PM,12:00:00 AM,Sat;
132741,7:00:00 PM,12:00:00 AM,Sun;
132740,8:00:00 AM,1:00:00 PM,Mon;Tue;Wed;Thu;Fri;
132740,8:00:00 AM,1:00:00 PM,Sat;
132740,8:00:00 AM,1:00:00 PM,Sun;
132739,8:00:00 AM,6:00:00 PM,Mon;Tue;Wed;Thu;Fri;
132739,8:00:00 AM,6:00:00 PM,Sat;
132739,8:00:00 AM,4:00:00 PM,Sun;
132738,6:00:00 PM,12:00:00 AM,Mon;Tue;Wed;Thu;Fri;
132738,6:00:00 PM,12:00:00 AM,Sat;
132738,6:00:00 PM,12:00:00 AM,Sun;
132737,10:00:00 AM,5:00:00 PM,Mon;Tue;Wed;Thu;Fri;
132737,10:00:00 AM,5:00:00 PM,Sat;
132737,10:00:00 AM,11:00:00 AM,Sun;
132736,10:00:00 AM,10:00:00 PM,Mon;Tue;Wed;Thu;Fri;
132736,10:00:00 AM,10:00:00 PM,Sat;
132736,10:00:00 AM,10:00:00 PM,Sun;
132735,9:00:00 AM,12:00:00 AM,Mon;Tue;Wed;Thu;Fri;
132735,9:00:00 AM,11:00:00 PM,Sat;
132735,9:00:00 AM,11:00:00 PM,Sun;
132734,9:00:00 AM,11:00:00 PM,Mon;Tue;Wed;Thu;Fri;
132734,9:00:00 AM,11:00:00 PM,Sat;
132734,10:00:00 AM,11:00:00 PM,Sun;
132733,10:00:00 AM,11:00:00 PM,Mon;Tue;Wed;Thu;Fri;
132733,10:00:00 AM,11:00:00 PM,Sat;
132733,9:00:00 AM,10:00:00 PM,Sun;
132732,7:00:00 PM,2:00:00 AM,Mon;Tue;Wed;Thu;Fri;
132732,7:00:00 PM,2:00:00 AM,Sat;
132732,7:00:00 PM,2:00:00 AM,Sun;
132731,12:00:00 AM,12:00:00 AM,Mon;Tue;Wed;Thu;Fri;
132731,12:00:00 AM,12:00:00 AM,Sat;
132731,12:00:00 AM,12:00:00 AM,Sun;
132730,12:00:00 AM,12:00:00 AM,Mon;Tue;Wed;Thu;Fri;
132730,12:00:00 AM,12:00:00 AM,Sat;
132730,12:00:00 AM,12:00:00 AM,Sun;
132729,12:00:00 AM,12:00:00 AM,Mon;Tue;Wed;Thu;Fri;
132729,12:00:00 AM,12:00:00 AM,Sat;
132729,12:00:00 AM,12:00:00 AM,Sun;
132728,12:00:00 AM,12:00:00 AM,Mon;Tue;Wed;Thu;Fri;
132728,12:00:00 AM,12:00:00 AM,Sat;
132728,12:00:00 AM,12:00:00 AM,Sun;
132727,12:00:00 AM,12:00:00 AM,Mon;Tue;Wed;Thu;Fri;
132727,12:00:00 AM,12:00:00 AM,Sat;
132727,12:00:00 AM,12:00:00 AM,Sun;
132726,12:00:00 AM,12:00:00 AM,Mon;Tue;Wed;Thu;Fri;
132726,12:00:00 AM,12:00:00 AM,Sat;
132726,12:00:00 AM,12:00:00 AM,Sun;
132725,8:00:00 AM,2:00:00 PM,Mon;Tue;Wed;Thu;Fri;
132725,9:00:00 AM,2:00:00 PM,Sat;
132725,12:00:00 AM,12:00:00 AM,Sun;
132724,12:00:00 AM,12:00:00 AM,Mon;Tue;Wed;Thu;Fri;
132724,12:00:00 AM,12:00:00 AM,Sat;
132724,12:00:00 AM,12:00:00 AM,Sun;
132723,6:00:00 AM,4:00:00 PM,Mon;Tue;Wed;Thu;Fri;
132723,12:00:00 AM,12:00:00 AM,Sat;
132723,12:00:00 AM,12:00:00 AM,Sun;
132722,6:00:00 PM,12:00:00 AM,Mon;Tue;Wed;Thu;Fri;
132722,6:00:00 PM,12:00:00 AM,Sat;
132722,6:00:00 PM,12:00:00 AM,Sun;
132721,9:00:00 AM,9:00:00 PM,Mon;Tue;Wed;Thu;Fri;
132721,9:00:00 AM,10:00:00 PM,Sat;
132721,9:00:00 AM,9:00:00 PM,Sun;
132720,9:00:00 AM,12:00:00 AM,Mon;Tue;Wed;Thu;Fri;
132720,9:00:00 AM,12:00:00 AM,Sat;
132720,9:00:00 AM,12:00:00 AM,Sun;
132719,8:00:00 PM,2:00:00 AM,Sat;
132719,8:00:00 PM,2:00:00 AM,Mon;Tue;Wed;Thu;Fri;
132719,6:00:00 PM,2:00:00 AM,Sun;
132718,7:00:00 PM,12:00:00 AM,Mon;Tue;Wed;Thu;Fri;
132718,7:00:00 PM,12:00:00 AM,Sat;
132718,7:00:00 PM,12:00:00 AM,Sun;
132717,9:00:00 AM,10:00:00 PM,Mon;Tue;Wed;Thu;Fri;
132717,9:00:00 AM,10:00:00 PM,Sat;
132717,9:00:00 AM,10:00:00 PM,Sun;
132716,9:00:00 AM,9:00:00 PM,Mon;Tue;Wed;Thu;Fri;
132716,9:00:00 AM,9:00:00 PM,Sat;
132716,9:00:00 AM,11:00:00 PM,Sun;
132715,9:00:00 AM,5:00:00 PM,Mon;Tue;Wed;Thu;Fri;
132715,9:00:00 AM,5:00:00 PM,Sat;
132715,9:00:00 AM,5:00:00 PM,Sun;
132714,7:00:00 PM,12:00:00 AM,Mon;Tue;Wed;Thu;Fri;
132714,7:00:00 PM,12:00:00 AM,Sat;
132714,7:00:00 PM,12:00:00 AM,Sun;
132713,6:00:00 AM,1:00:00 AM,Mon;Tue;Wed;Thu;Fri;
132713,6:00:00 AM,12:00:00 AM,Sat;
132713,7:00:00 AM,12:00:00 AM,Sun;
132712,9:00:00 AM,10:00:00 PM,Mon;Tue;Wed;Thu;Fri;
132712,9:00:00 AM,10:00:00 PM,Sat;
132712,12:00:00 AM,1:00:00 AM,Sun;
132711,8:00:00 PM,9:00:00 PM,Mon;Tue;Wed;Thu;Fri;
132711,1:00:00 AM,2:00:00 AM,Sat;
132711,12:00:00 AM,1:00:00 AM,Sun;
132710,8:00:00 PM,4:00:00 AM,Mon;Tue;Wed;Thu;Fri;
132710,8:00:00 PM,4:00:00 AM,Sat;
132710,12:00:00 AM,1:00:00 AM,Sun;
132709,9:00:00 AM,6:00:00 PM,Mon;Tue;Wed;Thu;Fri;
132709,9:00:00 AM,6:00:00 PM,Sat;
132709,12:00:00 AM,1:00:00 AM,Sun;
132708,9:00:00 AM,6:00:00 PM,Mon;Tue;Wed;Thu;Fri;
132708,9:00:00 AM,6:00:00 PM,Sat;
132708,12:00:00 AM,1:00:00 AM,Sun;
132707,9:00:00 AM,6:00:00 PM,Mon;Tue;Wed;Thu;Fri;
132707,9:00:00 AM,6:00:00 PM,Sat;
132707,12:00:00 AM,1:00:00 AM,Sun;
132706,9:00:00 AM,9:00:00 PM,Mon;Tue;Wed;Thu;Fri;
132706,9:00:00 AM,9:00:00 PM,Sat;
132706,9:00:00 AM,9:00:00 PM,Sun;
132705,9:00:00 AM,6:00:00 PM,Mon;Tue;Wed;Thu;Fri;
132705,9:00:00 AM,6:00:00 PM,Sat;
132705,12:00:00 AM,1:00:00 AM,Sun;
132704,9:00:00 AM,7:00:00 PM,Mon;Tue;Wed;Thu;Fri;
132704,9:00:00 AM,7:00:00 PM,Sat;
132704,9:00:00 AM,7:00:00 PM,Sun;
132703,9:00:00 AM,6:00:00 PM,Mon;Tue;Wed;Thu;Fri;
132703,9:00:00 AM,6:00:00 PM,Sat;
132703,12:00:00 AM,1:00:00 AM,Sun;
132702,12:00:00 PM,12:00:00 AM,Mon;Tue;Wed;Thu;Fri;
132702,12:00:00 PM,12:00:00 AM,Sat;
132702,12:00:00 PM,12:00:00 AM,Sun;
132701,9:00:00 AM,12:00:00 AM,Mon;Tue;Wed;Thu;Fri;
132701,9:00:00 AM,12:00:00 AM,Sat;
132701,12:00:00 AM,1:00:00 AM,Sun;
132700,9:00:00 AM,9:00:00 PM,Mon;Tue;Wed;Thu;Fri;
132700,9:00:00 AM,9:00:00 PM,Sat;
132700,9:00:00 AM,7:00:00 PM,Sun;
132699,9:00:00 AM,9:00:00 PM,Mon;Tue;Wed;Thu;Fri;
132699,9:00:00 AM,9:00:00 PM,Sat;
132699,9:00:00 AM,7:00:00 PM,Sun;
132698,9:00:00 AM,7:00:00 PM,Mon;Tue;Wed;Thu;Fri;
132698,9:00:00 AM,7:00:00 PM,Sat;
132698,12:00:00 AM,1:00:00 AM,Sun;
132697,9:00:00 AM,10:00:00 PM,Mon;Tue;Wed;Thu;Fri;
132697,9:00:00 AM,10:00:00 PM,Sat;
132697,10:00:00 AM,9:00:00 PM,Sun;
132696,8:00:00 PM,1:00:00 AM,Mon;Tue;Wed;Thu;Fri;
132696,7:00:00 PM,2:00:00 AM,Sat;
132696,7:00:00 PM,1:00:00 AM,Sun;
132695,7:00:00 PM,3:00:00 AM,Mon;Tue;Wed;Thu;Fri;
132695,7:00:00 PM,3:00:00 AM,Sat;
132695,7:00:00 PM,3:00:00 AM,Sun;
132694,6:00:00 PM,3:00:00 AM,Mon;Tue;Wed;Thu;Fri;
132694,6:00:00 PM,3:00:00 AM,Sat;
132694,6:00:00 PM,2:00:00 AM,Sun;
132693,12:00:00 AM,12:00:00 AM,Mon;Tue;Wed;Thu;Fri;
132693,12:00:00 AM,12:00:00 AM,Sat;
132693,12:00:00 AM,12:00:00 AM,Sun;
132692,12:00:00 AM,12:00:00 AM,Mon;Tue;Wed;Thu;Fri;
132692,12:00:00 AM,12:00:00 AM,Sat;
132692,12:00:00 AM,12:00:00 AM,Sun;
132691,12:00:00 AM,12:00:00 AM,Mon;Tue;Wed;Thu;Fri;
132691,12:00:00 AM,12:00:00 AM,Sat;
132691,12:00:00 AM,12:00:00 AM,Sun;
132690,12:00:00 AM,12:00:00 AM,Mon;Tue;Wed;Thu;Fri;
132690,12:00:00 AM,12:00:00 AM,Sat;
132690,12:00:00 AM,12:00:00 AM,Sun;
132689,12:00:00 AM,12:00:00 AM,Mon;Tue;Wed;Thu;Fri;
132689,12:00:00 AM,12:00:00 AM,Sat;
132689,12:00:00 AM,12:00:00 AM,Sun;
132688,12:00:00 AM,12:00:00 AM,Mon;Tue;Wed;Thu;Fri;
132688,12:00:00 AM,12:00:00 AM,Sat;
132688,12:00:00 AM,12:00:00 AM,Sun;
132687,12:00:00 AM,12:00:00 AM,Mon;Tue;Wed;Thu;Fri;
132687,12:00:00 AM,12:00:00 AM,Sat;
132687,12:00:00 AM,12:00:00 AM,Sun;
132686,12:00:00 AM,12:00:00 AM,Mon;Tue;Wed;Thu;Fri;
132686,12:00:00 AM,12:00:00 AM,Sat;
132686,12:00:00 AM,12:00:00 AM,Sun;
132685,12:00:00 AM,12:00:00 AM,Mon;Tue;Wed;Thu;Fri;
132685,12:00:00 AM,12:00:00 AM,Sat;
132685,12:00:00 AM,12:00:00 AM,Sun;
132684,12:00:00 AM,12:00:00 AM,Mon;Tue;Wed;Thu;Fri;
132684,12:00:00 AM,12:00:00 AM,Sat;
132684,12:00:00 AM,12:00:00 AM,Sun;
132683,11:00:00 AM,11:00:00 PM,Mon;Tue;Wed;Thu;Fri;
132683,12:00:00 AM,12:00:00 AM,Sat;
132683,12:00:00 AM,12:00:00 AM,Sun;
132682,10:00:00 AM,12:00:00 AM,Mon;Tue;Wed;Thu;Fri;
132682,12:00:00 AM,12:00:00 AM,Sat;
132682,12:00:00 AM,12:00:00 AM,Sun;
132681,9:00:00 AM,6:00:00 PM,Mon;Tue;Wed;Thu;Fri;
132681,12:00:00 AM,12:00:00 AM,Sat;
132681,12:00:00 AM,12:00:00 AM,Sun;
132680,10:00:00 AM,6:00:00 PM,Mon;Tue;Wed;Thu;Fri;
132680,12:00:00 AM,12:00:00 AM,Sat;
132680,12:00:00 AM,12:00:00 AM,Sun;
132679,12:00:00 AM,12:00:00 AM,Mon;Tue;Wed;Thu;Fri;
132679,12:00:00 AM,12:00:00 AM,Sat;
132679,12:00:00 AM,12:00:00 AM,Sun;
132678,12:00:00 AM,12:00:00 AM,Mon;Tue;Wed;Thu;Fri;
132678,12:00:00 AM,12:00:00 AM,Sat;
132678,12:00:00 AM,12:00:00 AM,Sun;
132677,12:00:00 AM,12:00:00 AM,Mon;Tue;Wed;Thu;Fri;
132677,12:00:00 AM,12:00:00 AM,Sat;
132677,12:00:00 AM,12:00:00 AM,Sun;
132676,12:00:00 AM,12:00:00 AM,Mon;Tue;Wed;Thu;Fri;
132676,12:00:00 AM,12:00:00 AM,Sat;
132676,12:00:00 AM,12:00:00 AM,Sun;
132675,12:00:00 AM,12:00:00 AM,Mon;Tue;Wed;Thu;Fri;
132675,12:00:00 AM,12:00:00 AM,Sat;
132675,12:00:00 AM,12:00:00 AM,Sun;
132674,12:00:00 AM,12:00:00 AM,Mon;Tue;Wed;Thu;Fri;
132674,12:00:00 AM,12:00:00 AM,Sat;
132674,12:00:00 AM,12:00:00 AM,Sun;
132673,12:00:00 AM,12:00:00 AM,Mon;Tue;Wed;Thu;Fri;
132673,12:00:00 AM,12:00:00 AM,Sat;
132673,12:00:00 AM,12:00:00 AM,Sun;
132672,12:00:00 AM,12:00:00 AM,Mon;Tue;Wed;Thu;Fri;
132672,12:00:00 AM,12:00:00 AM,Sat;
132672,12:00:00 AM,12:00:00 AM,Sun;
132671,12:00:00 AM,12:00:00 AM,Mon;Tue;Wed;Thu;Fri;
132671,12:00:00 AM,12:00:00 AM,Sat;
132671,12:00:00 AM,12:00:00 AM,Sun;
132670,12:00:00 AM,12:00:00 AM,Mon;Tue;Wed;Thu;Fri;
132670,12:00:00 AM,12:00:00 AM,Sat;
132670,12:00:00 AM,12:00:00 AM,Sun;
132669,12:00:00 AM,12:00:00 AM,Mon;Tue;Wed;Thu;Fri;
132669,12:00:00 AM,12:00:00 AM,Sat;
132669,12:00:00 AM,12:00:00 AM,Sun;
132668,12:00:00 AM,12:00:00 AM,Mon;Tue;Wed;Thu;Fri;
132668,12:00:00 AM,12:00:00 AM,Sat;
132668,12:00:00 AM,12:00:00 AM,Sun;
132667,12:00:00 AM,12:00:00 AM,Mon;Tue;Wed;Thu;Fri;
132667,12:00:00 AM,12:00:00 AM,Sat;
132667,12:00:00 AM,12:00:00 AM,Sun;
132666,12:00:00 AM,12:00:00 AM,Mon;Tue;Wed;Thu;Fri;
132666,12:00:00 AM,12:00:00 AM,Sat;
132666,12:00:00 AM,12:00:00 AM,Sun;
132665,12:00:00 AM,12:00:00 AM,Mon;Tue;Wed;Thu;Fri;
132665,12:00:00 AM,12:00:00 AM,Sat;
132665,12:00:00 AM,12:00:00 AM,Sun;
132664,12:00:00 AM,12:00:00 AM,Mon;Tue;Wed;Thu;Fri;
132664,12:00:00 AM,12:00:00 AM,Sat;
132664,12:00:00 AM,12:00:00 AM,Sun;
132663,12:00:00 AM,12:00:00 AM,Mon;Tue;Wed;Thu;Fri;
132663,12:00:00 AM,12:00:00 AM,Sat;
132663,12:00:00 AM,12:00:00 AM,Sun;
132662,12:00:00 AM,12:00:00 AM,Mon;Tue;Wed;Thu;Fri;
132662,12:00:00 AM,12:00:00 AM,Sat;
132662,12:00:00 AM,12:00:00 AM,Sun;
132661,12:00:00 AM,12:00:00 AM,Mon;Tue;Wed;Thu;Fri;
132661,12:00:00 AM,12:00:00 AM,Sat;
132661,12:00:00 AM,12:00:00 AM,Sun;
132660,12:00:00 AM,12:00:00 AM,Mon;Tue;Wed;Thu;Fri;
132660,12:00:00 AM,12:00:00 AM,Sat;
132660,12:00:00 AM,12:00:00 AM,Sun;
132659,12:00:00 AM,12:00:00 AM,Mon;Tue;Wed;Thu;Fri;
132659,12:00:00 AM,12:00:00 AM,Sat;
132659,12:00:00 AM,12:00:00 AM,Sun;
132658,12:00:00 AM,12:00:00 AM,Mon;Tue;Wed;Thu;Fri;
132658,12:00:00 AM,12:00:00 AM,Sat;
132658,12:00:00 AM,12:00:00 AM,Sun;
132657,12:00:00 AM,12:00:00 AM,Mon;Tue;Wed;Thu;Fri;
132657,12:00:00 AM,12:00:00 AM,Sat;
132657,12:00:00 AM,12:00:00 AM,Sun;
132656,12:00:00 AM,12:00:00 AM,Mon;Tue;Wed;Thu;Fri;
132656,12:00:00 AM,12:00:00 AM,Sat;
132656,12:00:00 AM,12:00:00 AM,Sun;
132655,12:00:00 AM,12:00:00 AM,Mon;Tue;Wed;Thu;Fri;
132655,12:00:00 AM,12:00:00 AM,Sat;
132655,12:00:00 AM,12:00:00 AM,Sun;
132654,12:00:00 AM,12:00:00 AM,Mon;Tue;Wed;Thu;Fri;
132654,12:00:00 AM,12:00:00 AM,Sat;
132654,12:00:00 AM,12:00:00 AM,Sun;
132653,12:00:00 AM,12:00:00 AM,Mon;Tue;Wed;Thu;Fri;
132653,12:00:00 AM,12:00:00 AM,Sat;
132653,12:00:00 AM,12:00:00 AM,Sun;
132652,12:00:00 AM,12:00:00 AM,Mon;Tue;Wed;Thu;Fri;
132652,12:00:00 AM,12:00:00 AM,Sat;
132652,12:00:00 AM,12:00:00 AM,Sun;
132651,12:00:00 AM,12:00:00 AM,Mon;Tue;Wed;Thu;Fri;
132651,12:00:00 AM,12:00:00 AM,Sat;
132651,12:00:00 AM,12:00:00 AM,Sun;
132650,12:00:00 AM,12:00:00 AM,Mon;Tue;Wed;Thu;Fri;
132650,12:00:00 AM,12:00:00 AM,Sat;
132650,12:00:00 AM,12:00:00 AM,Sun;
132649,12:00:00 AM,12:00:00 AM,Mon;Tue;Wed;Thu;Fri;
132649,12:00:00 AM,12:00:00 AM,Sat;
132649,12:00:00 AM,12:00:00 AM,Sun;
132648,12:00:00 AM,12:00:00 AM,Mon;Tue;Wed;Thu;Fri;
132648,12:00:00 AM,12:00:00 AM,Sat;
132648,12:00:00 AM,12:00:00 AM,Sun;
132647,12:00:00 AM,12:00:00 AM,Mon;Tue;Wed;Thu;Fri;
132647,12:00:00 AM,12:00:00 AM,Sat;
132647,12:00:00 AM,12:00:00 AM,Sun;
132646,12:00:00 AM,12:00:00 AM,Mon;Tue;Wed;Thu;Fri;
132646,12:00:00 AM,12:00:00 AM,Sat;
132646,12:00:00 AM,12:00:00 AM,Sun;
132645,12:00:00 AM,12:00:00 AM,Mon;Tue;Wed;Thu;Fri;
132645,12:00:00 AM,12:00:00 AM,Sat;
132645,12:00:00 AM,12:00:00 AM,Sun;
132644,12:00:00 AM,12:00:00 AM,Mon;Tue;Wed;Thu;Fri;
132644,12:00:00 AM,12:00:00 AM,Sat;
132644,12:00:00 AM,12:00:00 AM,Sun;
132643,12:00:00 AM,12:00:00 AM,Mon;Tue;Wed;Thu;Fri;
132643,12:00:00 AM,12:00:00 AM,Sat;
132643,12:00:00 AM,12:00:00 AM,Sun;
132642,12:00:00 AM,12:00:00 AM,Mon;Tue;Wed;Thu;Fri;
132642,12:00:00 AM,12:00:00 AM,Sat;
132642,12:00:00 AM,12:00:00 AM,Sun;
132641,12:00:00 AM,12:00:00 AM,Mon;Tue;Wed;Thu;Fri;
132641,12:00:00 AM,12:00:00 AM,Sat;
132641,12:00:00 AM,12:00:00 AM,Sun;
132640,12:00:00 AM,12:00:00 AM,Mon;Tue;Wed;Thu;Fri;
132640,12:00:00 AM,12:00:00 AM,Sat;
132640,12:00:00 AM,12:00:00 AM,Sun;
132639,12:00:00 AM,12:00:00 AM,Mon;Tue;Wed;Thu;Fri;
132639,12:00:00 AM,12:00:00 AM,Sat;
132639,12:00:00 AM,12:00:00 AM,Sun;
132638,12:00:00 AM,12:00:00 AM,Mon;Tue;Wed;Thu;Fri;
132638,12:00:00 AM,12:00:00 AM,Sat;
132638,12:00:00 AM,12:00:00 AM,Sun;
132637,12:00:00 AM,12:00:00 AM,Mon;Tue;Wed;Thu;Fri;
132637,12:00:00 AM,12:00:00 AM,Sat;
132637,12:00:00 AM,12:00:00 AM,Sun;
132636,12:00:00 AM,12:00:00 AM,Sat;
132636,12:00:00 AM,12:00:00 AM,Mon;Tue;Wed;Thu;Fri;
132636,12:00:00 AM,12:00:00 AM,Sun;
132635,12:00:00 AM,12:00:00 AM,Mon;Tue;Wed;Thu;Fri;
132635,12:00:00 AM,12:00:00 AM,Sat;
132635,12:00:00 AM,12:00:00 AM,Sun;
132634,12:00:00 AM,12:00:00 AM,Mon;Tue;Wed;Thu;Fri;
132634,12:00:00 AM,12:00:00 AM,Sat;
132634,12:00:00 AM,12:00:00 AM,Sun;
132633,12:00:00 AM,12:00:00 AM,Mon;Tue;Wed;Thu;Fri;
132633,12:00:00 AM,12:00:00 AM,Sat;
132633,12:00:00 AM,12:00:00 AM,Sun;
132632,12:00:00 AM,12:00:00 AM,Mon;Tue;Wed;Thu;Fri;
132632,12:00:00 AM,12:00:00 AM,Sat;
132632,12:00:00 AM,12:00:00 AM,Sun;
132631,12:00:00 AM,12:00:00 AM,Mon;Tue;Wed;Thu;Fri;
132631,12:00:00 AM,12:00:00 AM,Sat;
132631,12:00:00 AM,12:00:00 AM,Sun;
132630,12:00:00 AM,12:00:00 AM,Mon;Tue;Wed;Thu;Fri;
132630,12:00:00 AM,12:00:00 AM,Sat;
132630,12:00:00 AM,12:00:00 AM,Sun;
132629,12:00:00 AM,12:00:00 AM,Mon;Tue;Wed;Thu;Fri;
132629,12:00:00 AM,12:00:00 AM,Sat;
132629,12:00:00 AM,12:00:00 AM,Sun;
132628,12:00:00 AM,12:00:00 AM,Mon;Tue;Wed;Thu;Fri;
132628,12:00:00 AM,12:00:00 AM,Sat;
132628,12:00:00 AM,12:00:00 AM,Sun;
132626,12:00:00 AM,12:00:00 AM,Mon;Tue;Wed;Thu;Fri;
132626,12:00:00 AM,12:00:00 AM,Sat;
132626,12:00:00 AM,12:00:00 AM,Sun;
132625,12:00:00 AM,12:00:00 AM,Mon;Tue;Wed;Thu;Fri;
132625,12:00:00 AM,12:00:00 AM,Sat;
132625,12:00:00 AM,12:00:00 AM,Sun;
132624,12:00:00 AM,12:00:00 AM,Mon;Tue;Wed;Thu;Fri;
132624,12:00:00 AM,12:00:00 AM,Sat;
132624,12:00:00 AM,12:00:00 AM,Sun;
132623,12:00:00 AM,12:00:00 AM,Mon;Tue;Wed;Thu;Fri;
132623,12:00:00 AM,12:00:00 AM,Sat;
132623,12:00:00 AM,12:00:00 AM,Sun;
132622,4:00:00 AM,12:00:00 AM,Mon;Tue;Wed;Thu;Fri;
132622,12:00:00 AM,12:00:00 AM,Sat;
132622,12:00:00 AM,12:00:00 AM,Sun;
132621,12:00:00 AM,12:00:00 AM,Mon;Tue;Wed;Thu;Fri;
132621,12:00:00 AM,12:00:00 AM,Sat;
132621,12:00:00 AM,12:00:00 AM,Sun;
132620,6:00:00 AM,12:00:00 AM,Mon;Tue;Wed;Thu;Fri;
132620,12:00:00 AM,12:00:00 AM,Sat;
132620,12:00:00 AM,12:00:00 AM,Sun;
132619,12:00:00 AM,12:00:00 AM,Mon;Tue;Wed;Thu;Fri;
132619,12:00:00 AM,12:00:00 AM,Sat;
132619,12:00:00 AM,12:00:00 AM,Sun;
132618,4:00:00 AM,12:00:00 AM,Mon;Tue;Wed;Thu;Fri;
132618,12:00:00 AM,12:00:00 AM,Sat;
132618,12:00:00 AM,12:00:00 AM,Sun;
132617,12:00:00 AM,12:00:00 AM,Mon;Tue;Wed;Thu;Fri;
132617,12:00:00 AM,12:00:00 AM,Sat;
132617,12:00:00 AM,12:00:00 AM,Sun;
132616,6:00:00 AM,12:00:00 AM,Mon;Tue;Wed;Thu;Fri;
132616,12:00:00 AM,12:00:00 AM,Sat;
132616,12:00:00 AM,12:00:00 AM,Sun;
132615,12:00:00 AM,12:00:00 AM,Mon;Tue;Wed;Thu;Fri;
132615,12:00:00 AM,12:00:00 AM,Sat;
132615,12:00:00 AM,12:00:00 AM,Sun;
132614,3:00:00 AM,12:00:00 AM,Mon;Tue;Wed;Thu;Fri;
132614,12:00:00 AM,12:00:00 AM,Sat;
132614,12:00:00 AM,12:00:00 AM,Sun;
132613,8:00:00 AM,5:00:00 PM,Mon;Tue;Wed;Thu;Fri;
132613,7:00:00 AM,5:00:00 PM,Sat;
132613,7:00:00 AM,5:00:00 PM,Sun;
132612,9:00:00 AM,9:00:00 PM,Mon;Tue;Wed;Thu;Fri;
132612,9:00:00 AM,9:00:00 PM,Sat;
132612,10:00:00 AM,9:00:00 PM,Sun;
132611,8:00:00 AM,5:00:00 PM,Mon;Tue;Wed;Thu;Fri;
132611,9:00:00 AM,5:00:00 PM,Sat;
132611,12:00:00 AM,12:00:00 AM,Sun;
132610,8:00:00 AM,5:00:00 PM,Mon;Tue;Wed;Thu;Fri;
132610,9:00:00 AM,5:00:00 PM,Sat;
132610,12:00:00 AM,12:00:00 AM,Sun;
132609,12:00:00 PM,7:00:00 PM,Mon;Tue;Wed;Thu;Fri;
132609,10:00:00 AM,7:00:00 PM,Sat;
132609,12:00:00 AM,12:00:00 AM,Sun;
132608,7:00:00 PM,3:00:00 AM,Mon;Tue;Wed;Thu;Fri;
132608,7:00:00 PM,3:00:00 AM,Sat;
132608,7:00:00 PM,3:00:00 AM,Sun;
132607,8:00:00 PM,4:00:00 AM,Mon;Tue;Wed;Thu;Fri;
132607,8:00:00 PM,3:00:00 AM,Sat;
132607,8:00:00 PM,9:00:00 PM,Sun;
132598,12:00:00 AM,12:00:00 AM,Mon;Tue;Wed;Thu;Fri;
132598,12:00:00 AM,12:00:00 AM,Sat;
132598,12:00:00 AM,12:00:00 AM,Sun;
132597,12:00:00 AM,12:00:00 AM,Mon;Tue;Wed;Thu;Fri;
132597,12:00:00 AM,12:00:00 AM,Sat;
132597,12:00:00 AM,12:00:00 AM,Sun;
132595,9:00:00 AM,12:00:00 AM,Mon;Tue;Wed;Thu;Fri;
132595,9:00:00 AM,12:00:00 AM,Sat;
132595,9:00:00 AM,12:00:00 AM,Sun;
132594,9:00:00 AM,12:00:00 AM,Mon;Tue;Wed;Thu;Fri;
132594,9:00:00 AM,12:00:00 AM,Sat;
132594,9:00:00 AM,12:00:00 AM,Sun;
132592,9:00:00 AM,12:00:00 AM,Mon;Tue;Wed;Thu;Fri;
132592,12:00:00 AM,12:00:00 AM,Sat;
132592,12:00:00 AM,12:00:00 AM,Sun;
132591,9:00:00 AM,12:00:00 AM,Mon;Tue;Wed;Thu;Fri;
132591,9:00:00 AM,12:00:00 AM,Sat;
132591,9:00:00 AM,12:00:00 AM,Sun;
132589,9:00:00 AM,12:00:00 AM,Mon;Tue;Wed;Thu;Fri;
132589,9:00:00 AM,12:00:00 AM,Sat;
132589,9:00:00 AM,12:00:00 AM,Sun;
132588,9:00:00 AM,12:00:00 AM,Mon;Tue;Wed;Thu;Fri;
132588,9:00:00 AM,12:00:00 AM,Sat;
132588,9:00:00 AM,12:00:00 AM,Sun;
132587,7:00:00 AM,12:00:00 AM,Mon;Tue;Wed;Thu;Fri;
132587,8:00:00 AM,12:00:00 AM,Sat;
132587,7:00:00 AM,12:00:00 AM,Sun;
132586,9:00:00 AM,12:00:00 AM,Mon;Tue;Wed;Thu;Fri;
132586,9:00:00 AM,12:00:00 AM,Sat;
132586,9:00:00 AM,12:00:00 AM,Sun;
132585,9:00:00 AM,12:00:00 AM,Mon;Tue;Wed;Thu;Fri;
132585,9:00:00 AM,12:00:00 AM,Sat;
132585,9:00:00 AM,12:00:00 AM,Sun;
132584,8:00:00 AM,9:00:00 PM,Mon;Tue;Wed;Thu;Fri;
132584,9:00:00 AM,11:00:00 PM,Sat;
132584,9:00:00 AM,9:00:00 PM,Sun;
132582,8:00:00 AM,10:00:00 PM,Mon;Tue;Wed;Thu;Fri;
132582,10:00:00 AM,7:00:00 PM,Sat;
132582,10:00:00 AM,7:00:00 PM,Sun;
132581,12:00:00 AM,12:00:00 AM,Mon;Tue;Wed;Thu;Fri;
132581,12:00:00 AM,12:00:00 AM,Sat;
132581,12:00:00 AM,12:00:00 AM,Sun;
132580,12:00:00 AM,12:00:00 AM,Mon;Tue;Wed;Thu;Fri;
132580,12:00:00 AM,12:00:00 AM,Sat;
132580,12:00:00 AM,12:00:00 AM,Sun;
132579,1:00:00 PM,7:00:00 PM,Mon;Tue;Wed;Thu;Fri;
132579,1:00:00 PM,7:00:00 PM,Sat;
132579,1:00:00 PM,7:00:00 PM,Sun;
132578,6:00:00 PM,12:00:00 AM,Mon;Tue;Wed;Thu;Fri;
132578,6:00:00 PM,12:00:00 AM,Sat;
132578,6:00:00 PM,12:00:00 AM,Sun;
132577,10:00:00 AM,11:00:00 PM,Mon;Tue;Wed;Thu;Fri;
132577,11:00:00 AM,11:00:00 PM,Sat;
132577,11:00:00 AM,11:00:00 PM,Sun;
132576,10:00:00 AM,11:00:00 PM,Mon;Tue;Wed;Thu;Fri;
132576,11:00:00 AM,11:00:00 PM,Sat;
132576,11:00:00 AM,11:00:00 PM,Sun;
132575,12:00:00 AM,12:00:00 AM,Mon;Tue;Wed;Thu;Fri;
132575,12:00:00 AM,12:00:00 AM,Sat;
132575,12:00:00 AM,12:00:00 AM,Sun;
132574,10:00:00 AM,7:00:00 PM,Mon;Tue;Wed;Thu;Fri;
132574,11:00:00 AM,5:00:00 PM,Sat;
132574,11:00:00 AM,5:00:00 PM,Sun;
132573,7:00:00 AM,12:00:00 AM,Mon;Tue;Wed;Thu;Fri;
132573,7:00:00 AM,12:00:00 AM,Sat;
132573,7:00:00 AM,12:00:00 AM,Sun;
132572,12:00:00 AM,12:00:00 AM,Mon;Tue;Wed;Thu;Fri;
132572,12:00:00 AM,12:00:00 AM,Sat;
132572,12:00:00 AM,12:00:00 AM,Sun;
132571,12:00:00 AM,12:00:00 AM,Mon;Tue;Wed;Thu;Fri;
132571,12:00:00 AM,12:00:00 AM,Sat;
132571,12:00:00 AM,12:00:00 AM,Sun;
132570,12:00:00 AM,12:00:00 AM,Mon;Tue;Wed;Thu;Fri;
132570,12:00:00 AM,12:00:00 AM,Sat;
132570,12:00:00 AM,12:00:00 AM,Sun;
132569,12:00:00 AM,12:00:00 AM,Mon;Tue;Wed;Thu;Fri;
132569,12:00:00 AM,12:00:00 AM,Sat;
132569,12:00:00 AM,12:00:00 AM,Sun;
132568,12:00:00 AM,12:00:00 AM,Mon;Tue;Wed;Thu;Fri;
132568,12:00:00 AM,12:00:00 AM,Sat;
132568,12:00:00 AM,12:00:00 AM,Sun;
132567,12:00:00 AM,12:00:00 AM,Mon;Tue;Wed;Thu;Fri;
132567,12:00:00 AM,12:00:00 AM,Sat;
132567,12:00:00 AM,12:00:00 AM,Sun;
132566,12:00:00 AM,12:00:00 AM,Mon;Tue;Wed;Thu;Fri;
132566,12:00:00 AM,12:00:00 AM,Sat;
132566,12:00:00 AM,12:00:00 AM,Sun;
132565,12:00:00 AM,12:00:00 AM,Mon;Tue;Wed;Thu;Fri;
132565,12:00:00 AM,12:00:00 AM,Sat;
132565,12:00:00 AM,12:00:00 AM,Sun;
132564,12:00:00 AM,12:00:00 AM,Mon;Tue;Wed;Thu;Fri;
132564,12:00:00 AM,12:00:00 AM,Sat;
132564,12:00:00 AM,12:00:00 AM,Sun;
132563,12:00:00 AM,12:00:00 AM,Mon;Tue;Wed;Thu;Fri;
132563,12:00:00 AM,12:00:00 AM,Sat;
132563,12:00:00 AM,12:00:00 AM,Sun;
132562,12:00:00 AM,12:00:00 AM,Mon;Tue;Wed;Thu;Fri;
132562,12:00:00 AM,12:00:00 AM,Sat;
132562,12:00:00 AM,12:00:00 AM,Sun;
132561,12:00:00 AM,12:00:00 AM,Mon;Tue;Wed;Thu;Fri;
132561,12:00:00 AM,12:00:00 AM,Sat;
132561,12:00:00 AM,12:00:00 AM,Sun;
132560,8:00:00 AM,1:00:00 PM,Mon;Tue;Wed;Thu;Fri;
132560,12:00:00 AM,1:00:00 AM,Sat;
132560,12:00:00 AM,1:00:00 AM,Sun;
132557,4:00:00 PM,,Mon;Tue;Wed;Thu;Fri;
132557,4:00:00 PM,,Sun;
132557,4:00:00 PM,,Sat;
132545,7:00:00 AM,11:00:00 PM,Sat;
132545,7:00:00 AM,11:00:00 PM,Sun;
132545,7:00:00 AM,11:00:00 PM,Mon;Tue;Wed;Thu;Fri;
132544,5:00:00 PM,11:00:00 PM,Sat;
132544,5:00:00 PM,11:00:00 PM,Sun;
132544,5:00:00 PM,11:00:00 PM,Mon;Tue;Wed;Thu;Fri;
132536,5:00:00 PM,11:00:00 PM,Mon;Tue;Wed;Thu;Fri;
132535,12:00:00 PM,,Mon;Tue;Wed;Thu;Fri;
132535,12:00:00 PM,,Sat;
132532,12:00:00 PM,6:00:00 PM,Sat;
132532,12:00:00 PM,6:00:00 PM,Mon;Tue;Wed;Thu;Fri;
132531,11:00:00 AM,10:00:00 PM,Sat;
132531,11:00:00 AM,10:00:00 PM,Sun;
132531,11:00:00 AM,10:00:00 PM,Mon;Tue;Wed;Thu;Fri;
132530,4:00:00 PM,12:00:00 AM,Sun;
132530,4:00:00 PM,12:00:00 AM,Mon;Tue;Wed;Thu;Fri;
132530,4:00:00 PM,12:00:00 AM,Sat;
132527,9:00:00 PM,10:00:00 PM,Sun;
132527,9:00:00 PM,10:00:00 PM,Mon;Tue;Wed;Thu;Fri;
132527,9:00:00 PM,10:00:00 PM,Sat;
132521,12:00:00 PM,10:00:00 PM,Sun;
132521,12:00:00 PM,10:00:00 PM,Mon;Tue;Wed;Thu;Fri;
132521,12:00:00 PM,10:00:00 PM,Sat;
132518,12:00:00 PM,11:00:00 PM,Mon;Tue;Wed;Thu;Fri;
132498,8:00:00 AM,12:00:00 AM,Sat;
132498,8:00:00 AM,12:00:00 AM,Sun;
132498,7:00:00 AM,12:00:00 AM,Mon;Tue;Wed;Thu;Fri;
132498,8:00:00 AM,12:00:00 AM,Mon;Tue;Wed;Thu;Fri;
132498,7:00:00 AM,12:00:00 AM,Sat;
132498,7:00:00 AM,1:00:00 AM,Sun;
132491,9:00:00 PM,8:00:00 PM,Mon;Tue;Wed;Thu;Fri;
132491,7:00:00 AM,10:00:00 PM,Mon;Tue;Wed;Thu;Fri;
132491,7:00:00 AM,10:00:00 PM,Sat;
132483,1:00:00 PM,11:00:00 PM,Sat;
132483,1:00:00 PM,11:00:00 PM,Sun;
132483,1:00:00 PM,11:00:00 PM,Mon;Tue;Wed;Thu;Fri;
132482,12:00:00 AM,12:00:00 AM,Mon;Tue;Wed;Thu;Fri;
132482,12:00:00 AM,12:00:00 AM,Sat;
132482,12:00:00 AM,12:00:00 AM,Sun;
132481,9:00:00 PM,2:00:00 AM,Sun;
132481,9:00:00 PM,2:00:00 AM,Mon;Tue;Wed;Thu;Fri;
132481,9:00:00 PM,2:00:00 AM,Sat;
132479,1:00:00 PM,11:00:00 PM,Mon;Tue;Wed;Thu;Fri;
132479,1:00:00 PM,11:00:00 PM,Sat;
132479,1:00:00 PM,11:00:00 PM,Sun;
132478,5:00:00 PM,1:00:00 AM,Mon;Tue;Wed;Thu;Fri;
132478,5:00:00 PM,1:00:00 AM,Sat;
132477,1:00:00 PM,,Sat;
132477,1:00:00 PM,,Sun;
132477,1:00:00 PM,,Mon;Tue;Wed;Thu;Fri;
132474,6:00:00 AM,12:00:00 AM,Sun;
132474,6:00:00 AM,12:00:00 AM,Mon;Tue;Wed;Thu;Fri;
132474,6:00:00 AM,12:00:00 AM,Sat;
132469,11:00:00 AM,1:00:00 AM,Sat;
132469,11:00:00 AM,1:00:00 AM,Sun;
132469,11:00:00 AM,1:00:00 AM,Mon;Tue;Wed;Thu;Fri;
132468,11:00:00 AM,2:00:00 AM,Sat;
132468,11:00:00 AM,2:00:00 AM,Sun;
132468,11:00:00 AM,2:00:00 AM,Mon;Tue;Wed;Thu;Fri;
132449,5:00:00 PM,10:00:00 PM,Sat;
132449,5:00:00 PM,10:00:00 PM,Sun;
132449,5:00:00 PM,10:00:00 PM,Mon;Tue;Wed;Thu;Fri;
132447,5:00:00 PM,11:00:00 PM,Sun;
132447,5:00:00 PM,11:00:00 PM,Mon;Tue;Wed;Thu;Fri;
132447,5:00:00 PM,11:00:00 PM,Sat;
132446,7:00:00 PM,11:00:00 PM,Mon;Tue;Wed;Thu;Fri;
132446,7:00:00 PM,11:00:00 PM,Sat;
132443,12:00:00 PM,,Sat;
132443,12:00:00 PM,,Sun;
132443,12:00:00 PM,,Mon;Tue;Wed;Thu;Fri;
132439,11:00:00 AM,11:00:00 PM,Sat;
132439,11:00:00 AM,11:00:00 PM,Sun;
132439,11:00:00 AM,11:00:00 PM,Mon;Tue;Wed;Thu;Fri;
132438,6:00:00 PM,11:00:00 PM,Sun;
132438,6:00:00 PM,11:00:00 PM,Mon;Tue;Wed;Thu;Fri;
132438,6:00:00 PM,11:00:00 PM,Sat;
132437,5:00:00 PM,12:00:00 AM,Mon;Tue;Wed;Thu;Fri;
132437,5:00:00 PM,12:00:00 AM,Sat;
132437,5:00:00 PM,12:00:00 AM,Sun;
132436,7:00:00 AM,1:00:00 AM,Sat;
132436,7:00:00 AM,1:00:00 AM,Sun;
132436,7:00:00 AM,1:00:00 AM,Mon;Tue;Wed;Thu;Fri;
132421,5:00:00 PM,1:00:00 AM,Sat;
132421,5:00:00 PM,1:00:00 AM,Sun;
132421,5:00:00 PM,1:00:00 AM,Mon;Tue;Wed;Thu;Fri;
132409,12:00:00 PM,3:00:00 PM,Mon;Tue;Wed;Thu;Fri;
132407,5:00:00 PM,11:00:00 PM,Sun;
132407,5:00:00 PM,11:00:00 PM,Mon;Tue;Wed;Thu;Fri;
132407,5:00:00 PM,11:00:00 PM,Sat;
132399,12:00:00 PM,11:00:00 PM,Sat;
132399,12:00:00 PM,11:00:00 PM,Sun;
132399,12:00:00 PM,11:00:00 PM,Mon;Tue;Wed;Thu;Fri;
132396,6:00:00 PM,12:00:00 PM,Sat;
132396,6:00:00 PM,12:00:00 PM,Sun;
132396,6:00:00 PM,12:00:00 PM,Mon;Tue;Wed;Thu;Fri;
132395,10:00:00 AM,7:00:00 PM,Sat;
132395,10:00:00 AM,7:00:00 PM,Sun;
132372,8:00:00 AM,,Sun;
132372,8:00:00 AM,,Mon;Tue;Wed;Thu;Fri;
132372,8:00:00 AM,,Sat;
132364,5:00:00 PM,12:00:00 AM,Sat;
132364,5:00:00 PM,12:00:00 AM,Sun;
132364,5:00:00 PM,12:00:00 AM,Mon;Tue;Wed;Thu;Fri;
132361,5:00:00 PM,11:00:00 PM,Mon;Tue;Wed;Thu;Fri;
132361,5:00:00 PM,11:00:00 PM,Sat;
132361,5:00:00 PM,11:00:00 PM,Sun;
132355,5:00:00 PM,,Sun;
132355,5:00:00 PM,,Mon;Tue;Wed;Thu;Fri;
132355,5:00:00 PM,,Sat;
132353,5:00:00 PM,12:00:00 AM,Sun;
132353,5:00:00 PM,12:00:00 AM,Mon;Tue;Wed;Thu;Fri;
132353,5:00:00 PM,12:00:00 AM,Sat;
132319,6:00:00 PM,11:00:00 PM,Sat;
132319,6:00:00 PM,11:00:00 PM,Sun;
132319,6:00:00 PM,11:00:00 PM,Mon;Tue;Wed;Thu;Fri;
132318,5:00:00 PM,11:00:00 PM,Sun;
132318,5:00:00 PM,11:00:00 PM,Mon;Tue;Wed;Thu;Fri;
132318,5:00:00 PM,11:00:00 PM,Sat;
132317,5:00:00 PM,11:00:00 PM,Sun;
132317,5:00:00 PM,11:00:00 PM,Mon;Tue;Wed;Thu;Fri;
132317,5:00:00 PM,11:00:00 PM,Sat;
132310,11:00:00 AM,11:00:00 PM,Sun;
132310,11:00:00 AM,11:00:00 PM,Sat;
132310,11:00:00 AM,11:00:00 PM,Mon;Tue;Wed;Thu;Fri;
132302,11:00:00 AM,10:00:00 PM,Sun;
132302,11:00:00 AM,10:00:00 PM,Mon;Tue;Wed;Thu;Fri;
132302,11:00:00 AM,10:00:00 PM,Sat;
132301,8:00:00 AM,11:00:00 PM,Sat;
132301,8:00:00 AM,11:00:00 PM,Sun;
132301,8:00:00 AM,11:00:00 PM,Mon;Tue;Wed;Thu;Fri;
132297,8:00:00 AM,11:00:00 PM,Sun;
132297,8:00:00 AM,11:00:00 PM,Mon;Tue;Wed;Thu;Fri;
132297,8:00:00 AM,11:00:00 PM,Sat;
132284,12:00:00 PM,1:00:00 AM,Sat;
132284,12:00:00 PM,1:00:00 AM,Sun;
132284,12:00:00 PM,1:00:00 AM,Mon;Tue;Wed;Thu;Fri;
132275,11:00:00 AM,,Mon;Tue;Wed;Thu;Fri;
132275,5:00:00 AM,,Sun;
132275,5:00:00 AM,,Mon;Tue;Wed;Thu;Fri;
132275,5:00:00 AM,,Sat;
132273,5:00:00 PM,11:00:00 PM,Sun;
132273,5:00:00 PM,11:00:00 PM,Mon;Tue;Wed;Thu;Fri;
132273,5:00:00 PM,11:00:00 PM,Sat;
132266,10:00:00 AM,9:00:00 PM,Sat;
132266,10:00:00 AM,9:00:00 PM,Sun;
132266,10:00:00 AM,9:00:00 PM,Mon;Tue;Wed;Thu;Fri;
132265,11:00:00 AM,11:00:00 PM,Sun;
132265,11:00:00 AM,11:00:00 PM,Mon;Tue;Wed;Thu;Fri;
132265,11:00:00 AM,11:00:00 PM,Sat;
132258,10:00:00 AM,,Mon;Tue;Wed;Thu;Fri;
132258,10:00:00 AM,,Sat;
132255,4:00:00 PM,,Sun;
132255,4:00:00 PM,,Mon;Tue;Wed;Thu;Fri;
132255,4:00:00 PM,,Sat;
132250,12:00:00 AM,12:00:00 AM,Sat;
132250,12:00:00 AM,12:00:00 AM,Sun;
132250,12:00:00 AM,12:00:00 AM,Mon;Tue;Wed;Thu;Fri;
132244,12:00:00 PM,,Mon;Tue;Wed;Thu;Fri;
132244,12:00:00 PM,,Sat;
132243,1:00:00 PM,,Mon;Tue;Wed;Thu;Fri;
132243,1:00:00 PM,,Sat;
132237,11:00:00 AM,,Sun;
132237,11:00:00 AM,,Sat;
132237,11:00:00 AM,,Mon;Tue;Wed;Thu;Fri;
132231,5:00:00 PM,11:00:00 PM,Mon;Tue;Wed;Thu;Fri;
132231,5:00:00 PM,11:00:00 PM,Sat;
132231,5:00:00 PM,11:00:00 PM,Sun;
132229,12:00:00 AM,12:00:00 AM,Sun;
132229,12:00:00 AM,12:00:00 AM,Mon;Tue;Wed;Thu;Fri;
132229,12:00:00 AM,12:00:00 AM,Sat;
132226,11:00:00 AM,10:00:00 PM,Sun;
132226,11:00:00 AM,10:00:00 PM,Sat;
132226,11:00:00 AM,10:00:00 PM,Mon;Tue;Wed;Thu;Fri;
132221,10:00:00 AM,,Mon;Tue;Wed;Thu;Fri;
132221,10:00:00 AM,,Sat;
132220,9:00:00 PM,12:00:00 AM,Mon;Tue;Wed;Thu;Fri;
132220,9:00:00 PM,12:00:00 AM,Sat;
132216,11:00:00 AM,1:00:00 AM,Sat;
132216,11:00:00 AM,1:00:00 AM,Sun;
132216,11:00:00 AM,1:00:00 AM,Mon;Tue;Wed;Thu;Fri;
132207,12:00:00 PM,,Sat;
132207,12:00:00 PM,,Sun;
132207,12:00:00 PM,,Mon;Tue;Wed;Thu;Fri;
132206,4:00:00 PM,11:00:00 PM,Sun;
132206,4:00:00 PM,11:00:00 PM,Mon;Tue;Wed;Thu;Fri;
132206,4:00:00 PM,11:00:00 PM,Sat;
132204,8:00:00 AM,10:00:00 PM,Sat;
132204,8:00:00 AM,10:00:00 PM,Sun;
132204,8:00:00 AM,10:00:00 PM,Mon;Tue;Wed;Thu;Fri;
132187,10:00:00 AM,,Sat;
132187,10:00:00 AM,,Sun;
132187,10:00:00 AM,,Mon;Tue;Wed;Thu;Fri;
132186,10:00:00 AM,3:00:00 PM,Sat;
132186,10:00:00 AM,3:00:00 PM,Sun;
132165,9:00:00 PM,11:00:00 PM,Mon;Tue;Wed;Thu;Fri;
132165,9:00:00 PM,11:00:00 PM,Sat;
132165,9:00:00 PM,11:00:00 PM,Sun;
132164,5:00:00 PM,10:00:00 PM,Sat;
132164,5:00:00 PM,10:00:00 PM,Sun;
132164,5:00:00 PM,10:00:00 PM,Mon;Tue;Wed;Thu;Fri;
132163,4:00:00 PM,10:00:00 PM,Sat;
132163,4:00:00 PM,10:00:00 PM,Sun;
132163,4:00:00 PM,10:00:00 PM,Mon;Tue;Wed;Thu;Fri;
132161,8:00:00 PM,10:00:00 PM,Sun;
132161,8:00:00 PM,10:00:00 PM,Mon;Tue;Wed;Thu;Fri;
132161,8:00:00 PM,10:00:00 PM,Sat;
132160,10:00:00 AM,10:00:00 PM,Sun;
132160,10:00:00 AM,10:00:00 PM,Mon;Tue;Wed;Thu;Fri;
132160,10:00:00 AM,10:00:00 PM,Sat;
132159,12:00:00 PM,10:00:00 PM,Sun;
132159,12:00:00 PM,10:00:00 PM,Mon;Tue;Wed;Thu;Fri;
132159,12:00:00 PM,10:00:00 PM,Sat;
132157,9:00:00 PM,2:00:00 PM,Mon;Tue;Wed;Thu;Fri;
132157,9:00:00 PM,2:00:00 PM,Sat;
132157,9:00:00 PM,2:00:00 PM,Sun;
132155,6:00:00 PM,11:00:00 PM,Mon;Tue;Wed;Thu;Fri;
132155,6:00:00 PM,11:00:00 PM,Sat;
132155,6:00:00 PM,11:00:00 PM,Sun;
132148,11:00:00 AM,1:00:00 PM,Sun;
132148,11:00:00 AM,1:00:00 PM,Mon;Tue;Wed;Thu;Fri;
132148,11:00:00 AM,1:00:00 PM,Sat;
132148,11:00:00 AM,12:00:00 AM,Mon;Tue;Wed;Thu;Fri;
132148,11:00:00 AM,12:00:00 AM,Sat;
132130,5:00:00 PM,11:00:00 PM,Sat;
132130,5:00:00 PM,11:00:00 PM,Mon;Tue;Wed;Thu;Fri;
132130,5:00:00 PM,11:00:00 PM,Sun;
132120,10:00:00 AM,,Sun;
132120,10:00:00 AM,,Mon;Tue;Wed;Thu;Fri;
132120,10:00:00 AM,,Sat;
132118,12:00:00 AM,12:00:00 AM,Sun;
132118,12:00:00 AM,12:00:00 AM,Mon;Tue;Wed;Thu;Fri;
132118,12:00:00 AM,12:00:00 AM,Sat;
132116,1:00:00 PM,,Sat;
132116,1:00:00 PM,,Sun;
132116,1:00:00 PM,,Mon;Tue;Wed;Thu;Fri;
132115,1:00:00 PM,,Sun;
132115,1:00:00 PM,,Mon;Tue;Wed;Thu;Fri;
132115,1:00:00 PM,,Sat;
132111,1:00:00 PM,,Sat;
132111,1:00:00 PM,,Sun;
132111,1:00:00 PM,,Mon;Tue;Wed;Thu;Fri;
132109,5:00:00 PM,10:00:00 PM,Sat;
132109,5:00:00 PM,10:00:00 PM,Sun;
132109,5:00:00 PM,10:00:00 PM,Mon;Tue;Wed;Thu;Fri;
132108,5:00:00 PM,2:00:00 AM,Sat;
132108,5:00:00 PM,2:00:00 AM,Sun;
132108,5:00:00 PM,2:00:00 AM,Mon;Tue;Wed;Thu;Fri;
132107,12:00:00 PM,11:00:00 PM,Sat;
132107,12:00:00 PM,11:00:00 PM,Sun;
132107,12:00:00 PM,11:00:00 PM,Mon;Tue;Wed;Thu;Fri;
132103,11:00:00 AM,,Sun;
132103,11:00:00 AM,,Mon;Tue;Wed;Thu;Fri;
132097,6:00:00 AM,10:00:00 PM,Mon;Tue;Wed;Thu;Fri;
132097,6:00:00 AM,11:00:00 PM,Sat;
132097,6:00:00 AM,11:00:00 PM,Sun;
132030,12:00:00 PM,,Sun;
132030,12:00:00 PM,,Mon;Tue;Wed;Thu;Fri;
132030,12:00:00 PM,,Sat;
132026,12:00:00 PM,3:00:00 PM,Mon;Tue;Wed;Thu;Fri;
132024,11:00:00 AM,10:00:00 PM,Sun;
132024,11:00:00 AM,10:00:00 PM,Mon;Tue;Wed;Thu;Fri;
132024,11:00:00 AM,10:00:00 PM,Sat;
132023,11:00:00 AM,1:00:00 AM,Sat;
132023,11:00:00 AM,1:00:00 AM,Sun;
132023,11:00:00 AM,1:00:00 AM,Mon;Tue;Wed;Thu;Fri;
132012,12:00:00 PM,11:00:00 PM,Sun;
132012,12:00:00 PM,11:00:00 PM,Mon;Tue;Wed;Thu;Fri;
132012,12:00:00 PM,11:00:00 PM,Sat;
